image_id,left_wing (mm),right_wing (mm),left_wing_center (mm),right_wing_center (mm),wing_span (mm),wing_shoulder (mm),position,gender,prob_upside_down,prob_female,prob_male
/project/samc/battus_compvis/UFLMH_data/UFLMH_data2023/UF_museum_data_2023/Battus polydamas/Kailee Stover/20230719/IMG_0094.JPG,0.0,0.0,0.0,0.0,0.0,0.0,N/A,N/A,N,/,A
/project/samc/battus_compvis/UFLMH_data/UFLMH_data2023/UF_museum_data_2023/Battus polydamas/Marcela Diaz/20230706/IMG_5442.JPG,43.65,44.29,47.77,49.02,84.91,0.03,N/A,N/A,N,/,A
/project/samc/battus_compvis/UFLMH_data/UFLMH_data2023/UF_museum_data_2023/Battus philenor/Kailee Stover/20230424/IMG_1536.JPG,0.0,0.0,0.0,0.0,0.0,0.0,N/A,N/A,N,/,A
/project/samc/battus_compvis/UFLMH_data/UFLMH_data2023/UF_museum_data_2023/Battus philenor/Marcela Diaz/20230530/IMG_4087.JPG,31.57,0.81,37.27,41.09,78.27,47.85,N/A,N/A,N,/,A
/project/samc/battus_compvis/UFLMH_data/UFLMH_data2023/UF_museum_data_2023/Battus philenor/Kailee Stover/20230424/IMG_1487.JPG,1.77,3.15,36.38,36.48,59.41,59.16,N/A,N/A,N,/,A
/project/samc/battus_compvis/UFLMH_data/UFLMH_data2023/UF_museum_data_2023/Battus philenor/Kailee Stover/20230526/IMG_0196.JPG,1.64,2.19,52.06,51.37,100.23,100.21,N/A,N/A,N,/,A
/project/samc/battus_compvis/UFLMH_data/UFLMH_data2023/UF_museum_data_2023/Battus philenor/Kailee Stover/20230410/IMG_1254.JPG,53.47,9.43,26.97,31.34,57.8,0.73,N/A,N/A,N,/,A
/project/samc/battus_compvis/UFLMH_data/UFLMH_data2023/UF_museum_data_2023/Battus philenor/Marcela Diaz/20230511/IMG_3339.JPG,19.38,19.33,22.2,22.09,35.94,2.14,N/A,N/A,N,/,A
/project/samc/battus_compvis/UFLMH_data/UFLMH_data2023/UF_museum_data_2023/Battus philenor/Kailee Stover/20230424/IMG_1600.JPG,20.82,20.76,23.83,23.71,34.64,0.94,N/A,N/A,N,/,A
/project/samc/battus_compvis/UFLMH_data/UFLMH_data2023/UF_museum_data_2023/Battus polydamas/Kailee Stover/20230628/IMG_0072.JPG,25.66,18.64,26.67,36.74,63.11,27.0,N/A,N/A,N,/,A
/project/samc/battus_compvis/UFLMH_data/UFLMH_data2023/UF_museum_data_2023/Battus philenor/Marcela Diaz/20230427/IMG_2425.JPG,0.33,1.56,52.02,51.8,101.92,101.88,N/A,N/A,N,/,A
/project/samc/battus_compvis/UFLMH_data/UFLMH_data2023/UF_museum_data_2023/Battus polydamas/Marcela Diaz/20230711/IMG_5697.JPG,0.0,0.0,0.0,0.0,0.0,0.0,N/A,N/A,N,/,A
/project/samc/battus_compvis/UFLMH_data/UFLMH_data2023/UF_museum_data_2023/Battus philenor/Marcela Diaz/20230421/IMG_2131.JPG,50.17,48.82,54.12,54.18,105.44,6.61,N/A,N/A,N,/,A
/project/samc/battus_compvis/UFLMH_data/UFLMH_data2023/UF_museum_data_2023/Battus philenor/Marcela Diaz/20230424/IMG_2244.JPG,54.66,51.94,61.74,62.18,101.44,5.59,N/A,N/A,N,/,A
/project/samc/battus_compvis/UFLMH_data/UFLMH_data2023/UF_museum_data_2023/Battus polydamas/Marcela Diaz/20230619/IMG_5043.JPG,49.45,47.7,55.17,53.74,100.85,5.59,N/A,N/A,N,/,A
/project/samc/battus_compvis/UFLMH_data/UFLMH_data2023/UF_museum_data_2023/Battus philenor/Marcela Diaz/20230605/IMG_4304.JPG,50.61,51.12,59.51,59.1,100.41,7.04,N/A,N/A,N,/,A
/project/samc/battus_compvis/UFLMH_data/UFLMH_data2023/UF_museum_data_2023/Battus polydamas/Kailee Stover/20230717/IMG_0188.JPG,18.55,47.8,34.59,25.38,58.41,2.37,N/A,N/A,N,/,A
/project/samc/battus_compvis/UFLMH_data/UFLMH_data2023/UF_museum_data_2023/Battus philenor/Marcela Diaz/20230530/IMG_4086.JPG,1.08,31.95,43.32,38.28,81.51,50.09,N/A,N/A,N,/,A
/project/samc/battus_compvis/UFLMH_data/UFLMH_data2023/UF_museum_data_2023/Battus philenor/Kailee Stover/20230508/IMG_2078.JPG,0.13,0.58,45.77,46.59,92.0,91.98,N/A,N/A,N,/,A
/project/samc/battus_compvis/UFLMH_data/UFLMH_data2023/UF_museum_data_2023/Battus polydamas/Marcela Diaz/20230616/IMG_4970.JPG,46.99,46.65,51.87,52.53,77.05,0.85,N/A,N/A,N,/,A
/project/samc/battus_compvis/UFLMH_data/UFLMH_data2023/UF_museum_data_2023/Battus philenor/Marcela Diaz/20230524/IMG_3830.JPG,54.53,53.49,61.0,60.65,108.76,5.58,N/A,N/A,N,/,A
/project/samc/battus_compvis/UFLMH_data/UFLMH_data2023/UF_museum_data_2023/Battus polydamas/Kailee Stover/20230717/IMG_0253.JPG,0.0,0.0,0.0,0.0,0.0,0.0,N/A,N/A,N,/,A
/project/samc/battus_compvis/UFLMH_data/UFLMH_data2023/UF_museum_data_2023/Battus polydamas/Marcela Diaz/20230613/IMG_4857.JPG,6.21,21.69,32.54,30.47,61.17,35.97,N/A,N/A,N,/,A
/project/samc/battus_compvis/UFLMH_data/UFLMH_data2023/UF_museum_data_2023/Battus philenor/Marcela Diaz/20230427/IMG_2438.JPG,0.52,1.66,42.51,42.47,82.97,82.93,N/A,N/A,N,/,A
/project/samc/battus_compvis/UFLMH_data/UFLMH_data2023/UF_museum_data_2023/Battus philenor/Marcela Diaz/20230427/IMG_2464.JPG,1.17,1.37,51.74,51.52,101.3,101.27,N/A,N/A,N,/,A
/project/samc/battus_compvis/UFLMH_data/UFLMH_data2023/UF_museum_data_2023/Battus polydamas/Kailee Stover/20230719/IMG_0091.JPG,0.0,0.0,0.0,0.0,0.0,0.0,N/A,N/A,N,/,A
/project/samc/battus_compvis/UFLMH_data/UFLMH_data2023/UF_museum_data_2023/Battus polydamas/Kailee Stover/20230719/IMG_0103.JPG,0.0,0.0,0.0,0.0,0.0,0.0,N/A,N/A,N,/,A
/project/samc/battus_compvis/UFLMH_data/UFLMH_data2023/UF_museum_data_2023/Battus philenor/Marcela Diaz/20230421/IMG_2128.JPG,46.96,47.4,51.68,51.41,100.38,6.23,N/A,N/A,N,/,A
/project/samc/battus_compvis/UFLMH_data/UFLMH_data2023/UF_museum_data_2023/Battus philenor/Marcela Diaz/20230428/IMG_2501.JPG,41.87,41.02,45.14,43.91,78.27,0.22,N/A,N/A,N,/,A
/project/samc/battus_compvis/UFLMH_data/UFLMH_data2023/UF_museum_data_2023/Battus polydamas/Marcela Diaz/20230713/IMG_5710.JPG,0.03,0.17,45.89,46.49,91.32,91.29,N/A,N/A,N,/,A
/project/samc/battus_compvis/UFLMH_data/UFLMH_data2023/UF_museum_data_2023/Battus philenor/Marcela Diaz/20230511/IMG_3252.JPG,6.87,6.81,8.05,8.03,12.36,0.7,N/A,N/A,N,/,A
/project/samc/battus_compvis/UFLMH_data/UFLMH_data2023/UF_museum_data_2023/Battus polydamas/Kailee Stover/20230623/IMG_0029.JPG,40.8,41.12,49.28,49.33,63.38,0.57,N/A,N/A,N,/,A
/project/samc/battus_compvis/UFLMH_data/UFLMH_data2023/UF_museum_data_2023/Battus philenor/Marcela Diaz/20230425/IMG_2277.JPG,0.26,1.66,54.16,54.89,107.9,107.78,N/A,N/A,N,/,A
/project/samc/battus_compvis/UFLMH_data/UFLMH_data2023/UF_museum_data_2023/Battus philenor/Marcela Diaz/20230426/IMG_2373.JPG,1.76,2.57,51.74,51.23,100.4,100.38,N/A,N/A,N,/,A
/project/samc/battus_compvis/UFLMH_data/UFLMH_data2023/UF_museum_data_2023/Battus philenor/Marcela Diaz/20230530/IMG_4057.JPG,46.65,47.59,54.06,55.26,77.84,0.94,N/A,N/A,N,/,A
/project/samc/battus_compvis/UFLMH_data/UFLMH_data2023/UF_museum_data_2023/Battus philenor/Marcela Diaz/20230531/IMG_4105.JPG,0.0,0.0,0.0,0.0,0.0,0.0,N/A,N/A,N,/,A
/project/samc/battus_compvis/UFLMH_data/UFLMH_data2023/UF_museum_data_2023/Battus philenor/Marcela Diaz/20230602/IMG_4269.JPG,0.0,0.0,0.0,0.0,0.0,0.0,N/A,N/A,N,/,A
/project/samc/battus_compvis/UFLMH_data/UFLMH_data2023/UF_museum_data_2023/Battus philenor/Kailee Stover/20230501/IMG_1659.JPG,34.38,34.71,40.49,40.86,56.64,0.03,N/A,N/A,N,/,A
/project/samc/battus_compvis/UFLMH_data/UFLMH_data2023/UF_museum_data_2023/Battus polydamas/Kailee Stover/20230616/IMG_0180.JPG,41.27,41.49,51.82,52.1,80.95,10.48,N/A,N/A,N,/,A
/project/samc/battus_compvis/UFLMH_data/UFLMH_data2023/UF_museum_data_2023/Battus philenor/Marcela Diaz/20230426/IMG_2372.JPG,2.77,2.05,50.91,51.0,99.54,99.49,N/A,N/A,N,/,A
/project/samc/battus_compvis/UFLMH_data/UFLMH_data2023/UF_museum_data_2023/Battus philenor/Kailee Stover/20230518/IMG_2336.JPG,0.03,0.85,39.79,39.37,79.17,79.11,N/A,N/A,N,/,A
/project/samc/battus_compvis/UFLMH_data/UFLMH_data2023/UF_museum_data_2023/Battus philenor/Kailee Stover/20230526/IMG_0193.JPG,0.51,1.75,52.37,52.61,104.75,104.75,N/A,N/A,N,/,A
/project/samc/battus_compvis/UFLMH_data/UFLMH_data2023/UF_museum_data_2023/Battus philenor/Marcela Diaz/20230425/IMG_2297.JPG,0.94,16.85,23.65,27.3,47.12,30.61,N/A,N/A,N,/,A
/project/samc/battus_compvis/UFLMH_data/UFLMH_data2023/UF_museum_data_2023/Battus polydamas/Kailee Stover/20230719/IMG_0107.JPG,0.0,0.0,0.0,0.0,0.0,0.0,N/A,N/A,N,/,A
/project/samc/battus_compvis/UFLMH_data/UFLMH_data2023/UF_museum_data_2023/Battus philenor/Marcela Diaz/20230426/IMG_2377.JPG,1.37,3.26,53.07,52.78,103.22,103.19,N/A,N/A,N,/,A
/project/samc/battus_compvis/UFLMH_data/UFLMH_data2023/UF_museum_data_2023/Battus polydamas/Kailee Stover/20230707/IMG_0048.JPG,41.5,41.12,50.4,50.12,64.43,0.39,N/A,N/A,N,/,A
/project/samc/battus_compvis/UFLMH_data/UFLMH_data2023/UF_museum_data_2023/Battus polydamas/Kailee Stover/20230717/IMG_0266.JPG,0.0,0.0,0.0,0.0,0.0,0.0,N/A,N/A,N,/,A
/project/samc/battus_compvis/UFLMH_data/UFLMH_data2023/UF_museum_data_2023/Battus philenor/Kailee Stover/20230526/IMG_0209.JPG,0.64,1.16,49.19,49.41,95.94,95.91,N/A,N/A,N,/,A
/project/samc/battus_compvis/UFLMH_data/UFLMH_data2023/UF_museum_data_2023/Battus philenor/Marcela Diaz/20230425/IMG_2280.JPG,2.96,3.32,49.0,50.33,96.58,96.55,N/A,N/A,N,/,A
/project/samc/battus_compvis/UFLMH_data/UFLMH_data2023/UF_museum_data_2023/Battus philenor/Kailee Stover/20230424/IMG_1526.JPG,7.67,7.16,9.19,9.23,13.41,1.02,N/A,N/A,N,/,A
/project/samc/battus_compvis/UFLMH_data/UFLMH_data2023/UF_museum_data_2023/Battus philenor/Marcela Diaz/20230424/IMG_2233.JPG,0.85,1.24,51.49,51.65,102.32,102.28,N/A,N/A,N,/,A
/project/samc/battus_compvis/UFLMH_data/UFLMH_data2023/UF_museum_data_2023/Battus polydamas/Kailee Stover/20230724/IMG_0144.JPG,0.0,0.0,0.0,0.0,0.0,0.0,N/A,N/A,N,/,A
/project/samc/battus_compvis/UFLMH_data/UFLMH_data2023/UF_museum_data_2023/Battus polydamas/Marcela Diaz/20230711/IMG_5693.JPG,0.0,0.0,0.0,0.0,0.0,0.0,N/A,N/A,N,/,A
/project/samc/battus_compvis/UFLMH_data/UFLMH_data2023/UF_museum_data_2023/Battus philenor/Marcela Diaz/20230426/IMG_2371.JPG,1.4,3.32,50.36,51.72,97.38,97.26,N/A,N/A,N,/,A
/project/samc/battus_compvis/UFLMH_data/UFLMH_data2023/UF_museum_data_2023/Battus philenor/Kailee Stover/20230518/IMG_2313.JPG,41.03,40.95,47.48,47.23,69.88,0.07,N/A,N/A,N,/,A
/project/samc/battus_compvis/UFLMH_data/UFLMH_data2023/UF_museum_data_2023/Battus philenor/Marcela Diaz/20230526/IMG_3969.JPG,0.03,51.09,56.69,56.47,111.37,60.28,N/A,N/A,N,/,A
/project/samc/battus_compvis/UFLMH_data/UFLMH_data2023/UF_museum_data_2023/Battus philenor/Marcela Diaz/20230511/IMG_3250.JPG,0.32,30.84,42.52,38.8,79.69,48.64,N/A,N/A,N,/,A
/project/samc/battus_compvis/UFLMH_data/UFLMH_data2023/UF_museum_data_2023/Battus philenor/Marcela Diaz/20230425/IMG_2294.JPG,0.1,0.64,53.91,53.64,107.42,107.39,N/A,N/A,N,/,A
/project/samc/battus_compvis/UFLMH_data/UFLMH_data2023/UF_museum_data_2023/Battus polydamas/Kailee Stover/20230628/IMG_0073.JPG,15.97,25.06,36.26,28.28,64.15,29.83,N/A,N/A,N,/,A
/project/samc/battus_compvis/UFLMH_data/UFLMH_data2023/UF_museum_data_2023/Battus polydamas/Kailee Stover/20230724/IMG_0160.JPG,0.0,0.0,0.0,0.0,0.0,0.0,N/A,N/A,N,/,A
/project/samc/battus_compvis/UFLMH_data/UFLMH_data2023/UF_museum_data_2023/Battus philenor/Kailee Stover/20230501/IMG_1603.JPG,39.18,39.17,44.42,44.82,65.51,0.84,N/A,N/A,N,/,A
/project/samc/battus_compvis/UFLMH_data/UFLMH_data2023/UF_museum_data_2023/Battus philenor/Kailee Stover/20230510/IMG_2223.JPG,36.12,34.85,39.43,38.84,63.34,0.12,N/A,N/A,N,/,A
/project/samc/battus_compvis/UFLMH_data/UFLMH_data2023/UF_museum_data_2023/Battus philenor/Kailee Stover/20230609/IMG_0115.JPG,34.51,40.84,44.04,48.69,76.35,11.03,N/A,N/A,N,/,A
/project/samc/battus_compvis/UFLMH_data/UFLMH_data2023/UF_museum_data_2023/Battus polydamas/Kailee Stover/20230710/IMG_0127.JPG,14.38,0.06,27.46,20.55,40.97,27.18,N/A,N/A,N,/,A
/project/samc/battus_compvis/UFLMH_data/UFLMH_data2023/UF_museum_data_2023/Battus philenor/Marcela Diaz/20230425/IMG_2327.JPG,54.78,54.84,64.12,63.73,101.81,5.74,N/A,N/A,N,/,A
/project/samc/battus_compvis/UFLMH_data/UFLMH_data2023/UF_museum_data_2023/Battus philenor/Marcela Diaz/20230508/IMG_2896.JPG,1.92,39.43,39.49,30.75,35.62,55.07,N/A,N/A,N,/,A
/project/samc/battus_compvis/UFLMH_data/UFLMH_data2023/UF_museum_data_2023/Battus philenor/Kailee Stover/20230510/IMG_2254.JPG,0.03,36.37,39.82,39.61,78.44,42.08,N/A,N/A,N,/,A
/project/samc/battus_compvis/UFLMH_data/UFLMH_data2023/UF_museum_data_2023/Battus polydamas/Kailee Stover/20230719/IMG_0087.JPG,0.0,0.0,0.0,0.0,0.0,0.0,N/A,N/A,N,/,A
/project/samc/battus_compvis/UFLMH_data/UFLMH_data2023/UF_museum_data_2023/Battus philenor/Marcela Diaz/20230526/IMG_4005.JPG,2.04,27.48,30.6,25.01,48.96,50.85,N/A,N/A,N,/,A
/project/samc/battus_compvis/UFLMH_data/UFLMH_data2023/UF_museum_data_2023/Battus philenor/Kailee Stover/20230526/IMG_0200.JPG,0.93,1.64,44.94,45.05,87.17,87.13,N/A,N/A,N,/,A
/project/samc/battus_compvis/UFLMH_data/UFLMH_data2023/UF_museum_data_2023/Battus polydamas/Kailee Stover/20230616/IMG_0240.JPG,46.51,46.12,54.02,54.0,77.88,0.98,N/A,N/A,N,/,A
/project/samc/battus_compvis/UFLMH_data/UFLMH_data2023/UF_museum_data_2023/Battus philenor/Marcela Diaz/20230511/IMG_3340.JPG,246.25,250.05,290.09,278.94,491.26,20.19,N/A,N/A,N,/,A
/project/samc/battus_compvis/UFLMH_data/UFLMH_data2023/UF_museum_data_2023/Battus philenor/Marcela Diaz/20230421/IMG_2130.JPG,51.57,51.53,56.13,55.9,108.96,6.12,N/A,N/A,N,/,A
/project/samc/battus_compvis/UFLMH_data/UFLMH_data2023/UF_museum_data_2023/Battus polydamas/Kailee Stover/20230623/IMG_0092.JPG,36.32,36.53,46.11,47.36,72.54,10.48,N/A,N/A,N,/,A
/project/samc/battus_compvis/UFLMH_data/UFLMH_data2023/UF_museum_data_2023/Battus polydamas/Kailee Stover/20230719/IMG_0110.JPG,0.0,0.0,0.0,0.0,0.0,0.0,N/A,N/A,N,/,A
/project/samc/battus_compvis/UFLMH_data/UFLMH_data2023/UF_museum_data_2023/Battus philenor/Kailee Stover/20230508/IMG_2077.JPG,0.64,0.65,36.42,36.04,72.14,72.11,N/A,N/A,N,/,A
/project/samc/battus_compvis/UFLMH_data/UFLMH_data2023/UF_museum_data_2023/Battus polydamas/Marcela Diaz/20230629/IMG_0046.JPG,0.0,0.0,0.0,0.0,0.0,0.0,N/A,N/A,N,/,A
/project/samc/battus_compvis/UFLMH_data/UFLMH_data2023/UF_museum_data_2023/Battus philenor/Marcela Diaz/20230425/IMG_2326.JPG,56.23,53.65,63.87,63.26,101.1,5.4,N/A,N/A,N,/,A
/project/samc/battus_compvis/UFLMH_data/UFLMH_data2023/UF_museum_data_2023/Battus philenor/Kailee Stover/20230510/IMG_2231.JPG,41.12,41.48,48.03,49.11,67.49,0.27,N/A,N/A,N,/,A
/project/samc/battus_compvis/UFLMH_data/UFLMH_data2023/UF_museum_data_2023/Battus philenor/Kailee Stover/20230526/IMG_0204.JPG,1.19,1.38,49.37,48.99,95.93,95.9,N/A,N/A,N,/,A
/project/samc/battus_compvis/UFLMH_data/UFLMH_data2023/UF_museum_data_2023/Battus philenor/Kailee Stover/20230410/IMG_1237.JPG,8.02,7.94,36.9,37.02,49.19,46.56,N/A,N/A,N,/,A
/project/samc/battus_compvis/UFLMH_data/UFLMH_data2023/UF_museum_data_2023/Battus philenor/Marcela Diaz/20230531/IMG_4125.JPG,19.86,20.29,24.06,24.12,36.05,2.34,N/A,N/A,N,/,A
/project/samc/battus_compvis/UFLMH_data/UFLMH_data2023/UF_museum_data_2023/Battus philenor/Marcela Diaz/20230427/IMG_2437.JPG,2.7,1.32,51.48,51.32,99.87,99.8,N/A,N/A,N,/,A
/project/samc/battus_compvis/UFLMH_data/UFLMH_data2023/UF_museum_data_2023/Battus philenor/Kailee Stover/20230526/IMG_0203.JPG,0.26,0.29,48.43,48.36,96.77,96.74,N/A,N/A,N,/,A
/project/samc/battus_compvis/UFLMH_data/UFLMH_data2023/UF_museum_data_2023/Battus philenor/Marcela Diaz/20230605/IMG_4379.JPG,0.0,0.0,0.0,0.0,0.0,0.0,N/A,N/A,N,/,A
/project/samc/battus_compvis/UFLMH_data/UFLMH_data2023/UF_museum_data_2023/Battus philenor/Kailee Stover/20230526/IMG_0265.JPG,36.28,37.67,47.12,47.41,82.34,10.38,N/A,N/A,N,/,A
/project/samc/battus_compvis/UFLMH_data/UFLMH_data2023/UF_museum_data_2023/Battus polydamas/Kailee Stover/20230623/IMG_0109.JPG,45.79,43.45,54.16,52.6,74.8,0.93,N/A,N/A,N,/,A
/project/samc/battus_compvis/UFLMH_data/UFLMH_data2023/UF_museum_data_2023/Battus polydamas/Kailee Stover/20230623/IMG_0036.JPG,41.88,41.21,48.75,48.89,68.98,0.31,N/A,N/A,N,/,A
/project/samc/battus_compvis/UFLMH_data/UFLMH_data2023/UF_museum_data_2023/Battus philenor/Kailee Stover/20230410/IMG_1255.JPG,12.38,48.92,31.43,26.24,57.15,3.81,N/A,N/A,N,/,A
/project/samc/battus_compvis/UFLMH_data/UFLMH_data2023/UF_museum_data_2023/Battus polydamas/Marcela Diaz/20230630/IMG_5357.JPG,0.0,0.0,0.0,0.0,0.0,0.0,N/A,N/A,N,/,A
/project/samc/battus_compvis/UFLMH_data/UFLMH_data2023/UF_museum_data_2023/Battus philenor/Marcela Diaz/20230511/IMG_3343.JPG,10.81,11.14,11.9,12.17,20.56,0.27,N/A,N/A,N,/,A
/project/samc/battus_compvis/UFLMH_data/UFLMH_data2023/UF_museum_data_2023/Battus polydamas/Kailee Stover/20230623/IMG_0028.JPG,42.52,42.57,50.63,51.07,64.41,0.62,N/A,N/A,N,/,A
/project/samc/battus_compvis/UFLMH_data/UFLMH_data2023/UF_museum_data_2023/Battus philenor/Marcela Diaz/20230608/IMG_4542.JPG,0.0,0.0,0.0,0.0,0.0,0.0,N/A,N/A,N,/,A
/project/samc/battus_compvis/UFLMH_data/UFLMH_data2023/UF_museum_data_2023/Battus polydamas/Kailee Stover/20230724/IMG_0142.JPG,0.0,0.0,0.0,0.0,0.0,0.0,N/A,N/A,N,/,A
/project/samc/battus_compvis/UFLMH_data/UFLMH_data2023/UF_museum_data_2023/Battus polydamas/Kailee Stover/20230628/IMG_0050.JPG,42.5,43.17,51.4,51.85,69.53,0.19,N/A,N/A,N,/,A
/project/samc/battus_compvis/UFLMH_data/UFLMH_data2023/UF_museum_data_2023/Battus polydamas/Marcela Diaz/20230621/IMG_5163.JPG,0.55,12.25,26.99,28.39,50.85,39.78,N/A,N/A,N,/,A
/project/samc/battus_compvis/UFLMH_data/UFLMH_data2023/UF_museum_data_2023/Battus philenor/Kailee Stover/20230526/IMG_0202.JPG,1.19,0.55,49.86,49.61,98.15,98.09,N/A,N/A,N,/,A
/project/samc/battus_compvis/UFLMH_data/UFLMH_data2023/UF_museum_data_2023/Battus philenor/Marcela Diaz/20230601/IMG_4182.JPG,43.86,43.64,51.62,51.89,70.92,0.28,N/A,N/A,N,/,A
/project/samc/battus_compvis/UFLMH_data/UFLMH_data2023/UF_museum_data_2023/Battus polydamas/Kailee Stover/20230719/IMG_0109.JPG,0.0,0.0,0.0,0.0,0.0,0.0,N/A,N/A,N,/,A
/project/samc/battus_compvis/UFLMH_data/UFLMH_data2023/UF_museum_data_2023/Battus philenor/Marcela Diaz/20230524/IMG_3829.JPG,54.49,54.1,61.29,60.95,109.22,5.79,N/A,N/A,N,/,A
/project/samc/battus_compvis/UFLMH_data/UFLMH_data2023/UF_museum_data_2023/Battus polydamas/Marcela Diaz/20230623/IMG_5255.JPG,0.0,0.0,0.0,0.0,0.0,0.0,N/A,N/A,N,/,A
/project/samc/battus_compvis/UFLMH_data/UFLMH_data2023/UF_museum_data_2023/Battus polydamas/Marcela Diaz/20230711/IMG_5692.JPG,0.0,0.0,0.0,0.0,0.0,0.0,N/A,N/A,N,/,A
/project/samc/battus_compvis/UFLMH_data/UFLMH_data2023/UF_museum_data_2023/Battus philenor/Marcela Diaz/20230510/IMG_3245.JPG,29.24,1.1,38.17,43.1,80.75,51.3,N/A,N/A,N,/,A
/project/samc/battus_compvis/UFLMH_data/UFLMH_data2023/UF_museum_data_2023/Battus philenor/Kailee Stover/20230410/IMG_1241.JPG,2.94,2.95,21.09,21.44,28.48,28.36,N/A,N/A,N,/,A
/project/samc/battus_compvis/UFLMH_data/UFLMH_data2023/UF_museum_data_2023/Battus polydamas/Marcela Diaz/20230629/IMG_0080.JPG,0.0,0.0,0.0,0.0,0.0,0.0,N/A,N/A,N,/,A
/project/samc/battus_compvis/UFLMH_data/UFLMH_data2023/UF_museum_data_2023/Battus polydamas/Kailee Stover/20230719/IMG_0106.JPG,298.15,283.48,371.15,373.5,511.48,37.76,N/A,N/A,N,/,A
/project/samc/battus_compvis/UFLMH_data/UFLMH_data2023/UF_museum_data_2023/Battus philenor/Kailee Stover/20230518/IMG_2335.JPG,1.07,0.78,42.43,41.85,84.15,84.1,N/A,N/A,N,/,A
/project/samc/battus_compvis/UFLMH_data/UFLMH_data2023/UF_museum_data_2023/Battus philenor/Marcela Diaz/20230426/IMG_2378.JPG,3.87,6.19,45.38,45.11,82.81,82.79,N/A,N/A,N,/,A
/project/samc/battus_compvis/UFLMH_data/UFLMH_data2023/UF_museum_data_2023/Battus polydamas/Kailee Stover/20230616/IMG_0235.JPG,18.87,52.96,38.8,30.96,69.1,8.57,N/A,N/A,N,/,A
/project/samc/battus_compvis/UFLMH_data/UFLMH_data2023/UF_museum_data_2023/Battus polydamas/Kailee Stover/20230717/IMG_0187.JPG,50.12,17.72,25.32,35.18,58.82,0.58,N/A,N/A,N,/,A
/project/samc/battus_compvis/UFLMH_data/UFLMH_data2023/UF_museum_data_2023/Battus philenor/Marcela Diaz/20230508/IMG_2965.JPG,28.34,21.2,39.18,36.32,75.2,33.61,N/A,N/A,N,/,A
/project/samc/battus_compvis/UFLMH_data/UFLMH_data2023/UF_museum_data_2023/Battus polydamas/Kailee Stover/20230626/IMG_0029.JPG,18.87,19.04,22.67,22.5,36.23,2.6,N/A,N/A,N,/,A
/project/samc/battus_compvis/UFLMH_data/UFLMH_data2023/UF_museum_data_2023/Battus philenor/Kailee Stover/20230424/IMG_1595.JPG,0.0,0.0,0.0,0.0,0.0,0.0,N/A,N/A,N,/,A
/project/samc/battus_compvis/UFLMH_data/UFLMH_data2023/UF_museum_data_2023/Battus philenor/Marcela Diaz/20230606/IMG_4442.JPG,38.63,39.82,43.78,46.2,66.17,0.28,N/A,N/A,N,/,A
/project/samc/battus_compvis/UFLMH_data/UFLMH_data2023/UF_museum_data_2023/Battus polydamas/Kailee Stover/20230719/IMG_0090.JPG,0.0,0.0,0.0,0.0,0.0,0.0,N/A,N/A,N,/,A
/project/samc/battus_compvis/UFLMH_data/UFLMH_data2023/UF_museum_data_2023/Battus polydamas/Kailee Stover/20230712/IMG_0128.JPG,0.0,0.0,0.0,0.0,0.0,0.0,N/A,N/A,N,/,A
/project/samc/battus_compvis/UFLMH_data/UFLMH_data2023/UF_museum_data_2023/Battus philenor/Marcela Diaz/20230427/IMG_2432.JPG,2.54,0.98,51.1,51.6,100.69,100.51,N/A,N/A,N,/,A
/project/samc/battus_compvis/UFLMH_data/UFLMH_data2023/UF_museum_data_2023/Battus polydamas/Marcela Diaz/20230616/IMG_4971.JPG,47.25,46.73,55.77,55.38,76.68,0.13,N/A,N/A,N,/,A
/project/samc/battus_compvis/UFLMH_data/UFLMH_data2023/UF_museum_data_2023/Battus polydamas/Marcela Diaz/20230619/IMG_5070.JPG,52.34,52.38,61.44,62.41,85.2,0.03,N/A,N/A,N,/,A
/project/samc/battus_compvis/UFLMH_data/UFLMH_data2023/UF_museum_data_2023/Battus philenor/Marcela Diaz/20230427/IMG_2427.JPG,0.29,0.93,50.18,51.02,100.88,100.84,N/A,N/A,N,/,A
/project/samc/battus_compvis/UFLMH_data/UFLMH_data2023/UF_museum_data_2023/Battus polydamas/Kailee Stover/20230717/IMG_0206.JPG,0.0,0.0,0.0,0.0,0.0,0.0,N/A,N/A,N,/,A
/project/samc/battus_compvis/UFLMH_data/UFLMH_data2023/UF_museum_data_2023/Battus polydamas/Marcela Diaz/20230711/IMG_5686.JPG,0.0,0.0,0.0,0.0,0.0,0.0,N/A,N/A,N,/,A
/project/samc/battus_compvis/UFLMH_data/UFLMH_data2023/UF_museum_data_2023/Battus polydamas/Kailee Stover/20230717/IMG_0296.JPG,0.0,0.0,0.0,0.0,0.0,0.0,N/A,N/A,N,/,A
/project/samc/battus_compvis/UFLMH_data/UFLMH_data2023/UF_museum_data_2023/Battus philenor/Marcela Diaz/20230424/IMG_2240.JPG,2.74,4.4,52.92,54.25,100.73,100.6,N/A,N/A,N,/,A
/project/samc/battus_compvis/UFLMH_data/UFLMH_data2023/UF_museum_data_2023/Battus philenor/Marcela Diaz/20230427/IMG_2442.JPG,0.03,21.71,27.82,31.11,53.35,32.93,N/A,N/A,N,/,A
/project/samc/battus_compvis/UFLMH_data/UFLMH_data2023/UF_museum_data_2023/Battus philenor/Marcela Diaz/20230427/IMG_2457.JPG,0.03,5.05,49.43,48.87,97.4,96.75,N/A,N/A,N,/,A
/project/samc/battus_compvis/UFLMH_data/UFLMH_data2023/UF_museum_data_2023/Battus polydamas/Marcela Diaz/20230711/IMG_5685.JPG,0.0,0.0,0.0,0.0,0.0,0.0,N/A,N/A,N,/,A
/project/samc/battus_compvis/UFLMH_data/UFLMH_data2023/UF_museum_data_2023/Battus philenor/Kailee Stover/20230526/IMG_0190.JPG,1.15,1.88,52.69,53.8,103.64,103.58,N/A,N/A,N,/,A
/project/samc/battus_compvis/UFLMH_data/UFLMH_data2023/UF_museum_data_2023/Battus philenor/Marcela Diaz/20230427/IMG_2454.JPG,0.52,1.42,54.44,53.86,107.1,107.05,N/A,N/A,N,/,A
/project/samc/battus_compvis/UFLMH_data/UFLMH_data2023/UF_museum_data_2023/Battus philenor/Marcela Diaz/20230418/IMG_1971.JPG,0.03,16.53,27.84,37.55,16.59,0.05,N/A,N/A,N,/,A
/project/samc/battus_compvis/UFLMH_data/UFLMH_data2023/UF_museum_data_2023/Battus polydamas/Kailee Stover/20230712/IMG_0102.JPG,6.21,19.36,23.5,28.89,46.63,23.27,N/A,N/A,N,/,A
/project/samc/battus_compvis/UFLMH_data/UFLMH_data2023/UF_museum_data_2023/Battus philenor/Kailee Stover/20230526/IMG_0191.JPG,1.38,1.92,51.27,52.17,100.69,100.63,N/A,N/A,N,/,A
/project/samc/battus_compvis/UFLMH_data/UFLMH_data2023/UF_museum_data_2023/Battus philenor/Marcela Diaz/20230424/IMG_2232.JPG,0.91,1.5,53.84,53.68,106.58,106.55,N/A,N/A,N,/,A
/project/samc/battus_compvis/UFLMH_data/UFLMH_data2023/UF_museum_data_2023/Battus philenor/Marcela Diaz/20230425/IMG_2323.JPG,57.47,54.94,62.51,61.66,106.52,6.32,N/A,N/A,N,/,A
/project/samc/battus_compvis/UFLMH_data/UFLMH_data2023/UF_museum_data_2023/Battus polydamas/Kailee Stover/20230705/IMG_0122.JPG,22.16,34.12,39.37,44.43,83.34,36.1,N/A,N/A,N,/,A
/project/samc/battus_compvis/UFLMH_data/UFLMH_data2023/UF_museum_data_2023/Battus polydamas/Kailee Stover/20230724/IMG_0141.JPG,0.0,0.0,0.0,0.0,0.0,0.0,N/A,N/A,N,/,A
/project/samc/battus_compvis/UFLMH_data/UFLMH_data2023/UF_museum_data_2023/Battus polydamas/Marcela Diaz/20230705/IMG_5405.JPG,48.62,47.23,54.74,53.9,83.58,0.74,N/A,N/A,N,/,A
/project/samc/battus_compvis/UFLMH_data/UFLMH_data2023/UF_museum_data_2023/Battus polydamas/Marcela Diaz/20230711/IMG_5698.JPG,0.0,0.0,0.0,0.0,0.0,0.0,N/A,N/A,N,/,A
/project/samc/battus_compvis/UFLMH_data/UFLMH_data2023/UF_museum_data_2023/Battus philenor/Marcela Diaz/20230425/IMG_2283.JPG,7.29,7.13,8.42,8.34,13.97,0.88,N/A,N/A,N,/,A
/project/samc/battus_compvis/UFLMH_data/UFLMH_data2023/UF_museum_data_2023/Battus philenor/Kailee Stover/20230501/IMG_1681.JPG,0.03,0.2,40.29,39.81,79.56,79.53,N/A,N/A,N,/,A
/project/samc/battus_compvis/UFLMH_data/UFLMH_data2023/UF_museum_data_2023/Battus philenor/Kailee Stover/20230518/IMG_2337.JPG,44.94,44.43,51.42,52.14,76.13,0.21,N/A,N/A,N,/,A
/project/samc/battus_compvis/UFLMH_data/UFLMH_data2023/UF_museum_data_2023/Battus philenor/Marcela Diaz/20230418/IMG_1963.JPG,0.03,19.19,27.74,39.26,19.23,0.03,N/A,N/A,N,/,A
/project/samc/battus_compvis/UFLMH_data/UFLMH_data2023/UF_museum_data_2023/Battus philenor/Marcela Diaz/20230515/IMG_3555.JPG,0.0,0.0,0.0,0.0,0.0,0.0,N/A,N/A,N,/,A
/project/samc/battus_compvis/UFLMH_data/UFLMH_data2023/UF_museum_data_2023/Battus polydamas/Kailee Stover/20230724/IMG_0140.JPG,0.0,0.0,0.0,0.0,0.0,0.0,N/A,N/A,N,/,A
/project/samc/battus_compvis/UFLMH_data/UFLMH_data2023/UF_museum_data_2023/Battus philenor/Marcela Diaz/20230508/IMG_2887.JPG,48.66,49.51,53.89,54.93,88.39,0.44,N/A,N/A,N,/,A
/project/samc/battus_compvis/UFLMH_data/UFLMH_data2023/UF_museum_data_2023/Battus philenor/Marcela Diaz/20230526/IMG_3976.JPG,35.27,0.45,29.22,28.76,52.66,50.56,N/A,N/A,N,/,A
/project/samc/battus_compvis/UFLMH_data/UFLMH_data2023/UF_museum_data_2023/Battus philenor/Marcela Diaz/20230417/IMG_1880.JPG,53.27,50.99,60.26,58.74,102.39,4.96,N/A,N/A,N,/,A
/project/samc/battus_compvis/UFLMH_data/UFLMH_data2023/UF_museum_data_2023/Battus polydamas/Kailee Stover/20230616/IMG_0303.JPG,32.83,32.75,45.51,43.71,66.14,10.62,N/A,N/A,N,/,A
/project/samc/battus_compvis/UFLMH_data/UFLMH_data2023/UF_museum_data_2023/Battus polydamas/Kailee Stover/20230628/IMG_0034.JPG,41.37,40.0,52.55,52.06,84.91,11.18,N/A,N/A,N,/,A
/project/samc/battus_compvis/UFLMH_data/UFLMH_data2023/UF_museum_data_2023/Battus polydamas/Marcela Diaz/20230619/IMG_5068.JPG,53.26,53.46,60.07,61.0,102.15,5.45,N/A,N/A,N,/,A
/project/samc/battus_compvis/UFLMH_data/UFLMH_data2023/UF_museum_data_2023/Battus polydamas/Marcela Diaz/20230706/IMG_5470.JPG,49.46,49.08,54.96,55.32,101.88,5.79,N/A,N/A,N,/,A
/project/samc/battus_compvis/UFLMH_data/UFLMH_data2023/UF_museum_data_2023/Battus philenor/Marcela Diaz/20230424/IMG_2228.JPG,3.03,1.9,50.64,49.97,96.58,96.54,N/A,N/A,N,/,A
/project/samc/battus_compvis/UFLMH_data/UFLMH_data2023/UF_museum_data_2023/Battus philenor/Marcela Diaz/20230410/IMG_1525.JPG,0.0,0.0,0.0,0.0,0.0,0.0,N/A,N/A,N,/,A
/project/samc/battus_compvis/UFLMH_data/UFLMH_data2023/UF_museum_data_2023/Battus philenor/Marcela Diaz/20230526/IMG_4002.JPG,8.04,7.42,38.51,38.05,66.56,66.52,N/A,N/A,N,/,A
/project/samc/battus_compvis/UFLMH_data/UFLMH_data2023/UF_museum_data_2023/Battus polydamas/Marcela Diaz/20230613/IMG_4859.JPG,13.52,20.4,36.72,28.08,62.43,31.26,N/A,N/A,N,/,A
/project/samc/battus_compvis/UFLMH_data/UFLMH_data2023/UF_museum_data_2023/Battus philenor/Kailee Stover/20230508/IMG_1971.JPG,44.75,44.36,52.34,52.21,80.14,0.95,N/A,N/A,N,/,A
/project/samc/battus_compvis/UFLMH_data/UFLMH_data2023/UF_museum_data_2023/Battus polydamas/Marcela Diaz/20230713/IMG_5718.JPG,0.03,0.12,53.85,53.9,105.99,105.97,N/A,N/A,N,/,A
/project/samc/battus_compvis/UFLMH_data/UFLMH_data2023/UF_museum_data_2023/Battus philenor/Marcela Diaz/20230427/IMG_2421.JPG,1.11,1.21,49.01,49.07,97.54,97.51,N/A,N/A,N,/,A
/project/samc/battus_compvis/UFLMH_data/UFLMH_data2023/UF_museum_data_2023/Battus polydamas/Marcela Diaz/20230609/IMG_4625.JPG,50.34,49.49,55.68,55.85,86.66,0.33,N/A,N/A,N,/,A
/project/samc/battus_compvis/UFLMH_data/UFLMH_data2023/UF_museum_data_2023/Battus philenor/Marcela Diaz/20230426/IMG_2376.JPG,2.05,1.11,52.07,53.27,102.87,102.86,N/A,N/A,N,/,A
/project/samc/battus_compvis/UFLMH_data/UFLMH_data2023/UF_museum_data_2023/Battus philenor/Kailee Stover/20230609/IMG_0147.JPG,52.99,52.44,60.68,59.69,101.13,5.08,N/A,N/A,N,/,A
/project/samc/battus_compvis/UFLMH_data/UFLMH_data2023/UF_museum_data_2023/Battus polydamas/Kailee Stover/20230623/IMG_0012.JPG,46.24,45.47,54.36,54.04,71.52,0.93,N/A,N/A,N,/,A
/project/samc/battus_compvis/UFLMH_data/UFLMH_data2023/UF_museum_data_2023/Battus philenor/Marcela Diaz/20230525/IMG_3941.JPG,36.97,36.14,41.34,41.17,63.26,0.34,N/A,N/A,N,/,A
/project/samc/battus_compvis/UFLMH_data/UFLMH_data2023/UF_museum_data_2023/Battus polydamas/Kailee Stover/20230628/IMG_0003.JPG,0.0,0.0,0.0,0.0,0.0,0.0,N/A,N/A,N,/,A
/project/samc/battus_compvis/UFLMH_data/UFLMH_data2023/UF_museum_data_2023/Battus philenor/Marcela Diaz/20230426/IMG_2415.JPG,2.6,1.69,48.97,48.89,94.46,94.41,N/A,N/A,N,/,A
/project/samc/battus_compvis/UFLMH_data/UFLMH_data2023/UF_museum_data_2023/Battus philenor/Marcela Diaz/20230525/IMG_3942.JPG,36.67,36.59,42.53,42.7,63.4,0.1,N/A,N/A,N,/,A
/project/samc/battus_compvis/UFLMH_data/UFLMH_data2023/UF_museum_data_2023/Battus philenor/Marcela Diaz/20230424/IMG_2235.JPG,1.82,1.24,54.33,53.68,105.87,105.83,N/A,N/A,N,/,A
/project/samc/battus_compvis/UFLMH_data/UFLMH_data2023/UF_museum_data_2023/Battus philenor/Marcela Diaz/20230418/IMG_1969.JPG,0.03,17.52,27.32,37.9,17.57,0.05,N/A,N/A,N,/,A
/project/samc/battus_compvis/UFLMH_data/UFLMH_data2023/UF_museum_data_2023/Battus polydamas/Marcela Diaz/20230714/IMG_5818.JPG,42.56,41.99,49.66,48.42,74.74,0.45,N/A,N/A,N,/,A
/project/samc/battus_compvis/UFLMH_data/UFLMH_data2023/UF_museum_data_2023/Battus polydamas/Kailee Stover/20230719/IMG_0095.JPG,0.0,0.0,0.0,0.0,0.0,0.0,N/A,N/A,N,/,A
/project/samc/battus_compvis/UFLMH_data/UFLMH_data2023/UF_museum_data_2023/Battus philenor/Kailee Stover/20230501/IMG_1719.JPG,44.23,44.52,52.47,52.63,73.64,0.92,N/A,N/A,N,/,A
/project/samc/battus_compvis/UFLMH_data/UFLMH_data2023/UF_museum_data_2023/Battus polydamas/Kailee Stover/20230623/IMG_0031.JPG,34.92,34.18,40.01,40.33,55.19,0.03,N/A,N/A,N,/,A
/project/samc/battus_compvis/UFLMH_data/UFLMH_data2023/UF_museum_data_2023/Battus philenor/Marcela Diaz/20230501/IMG_2575.JPG,42.0,43.81,46.46,48.01,69.46,0.48,N/A,N/A,N,/,A
/project/samc/battus_compvis/UFLMH_data/UFLMH_data2023/UF_museum_data_2023/Battus polydamas/Kailee Stover/20230710/IMG_0072.JPG,43.37,43.55,49.29,49.52,74.39,0.03,N/A,N/A,N,/,A
/project/samc/battus_compvis/UFLMH_data/UFLMH_data2023/UF_museum_data_2023/Battus polydamas/Kailee Stover/20230719/IMG_0075.JPG,0.0,0.0,0.0,0.0,0.0,0.0,N/A,N/A,N,/,A
/project/samc/battus_compvis/UFLMH_data/UFLMH_data2023/UF_museum_data_2023/Battus philenor/Marcela Diaz/20230508/IMG_2980.JPG,6.33,6.17,7.42,7.34,11.56,0.72,N/A,N/A,N,/,A
/project/samc/battus_compvis/UFLMH_data/UFLMH_data2023/UF_museum_data_2023/Battus polydamas/Marcela Diaz/20230619/IMG_5062.JPG,46.87,49.67,52.3,55.27,81.08,0.64,N/A,N/A,N,/,A
/project/samc/battus_compvis/UFLMH_data/UFLMH_data2023/UF_museum_data_2023/Battus philenor/Marcela Diaz/20230427/IMG_2436.JPG,1.03,2.22,52.15,52.47,101.7,101.63,N/A,N/A,N,/,A
/project/samc/battus_compvis/UFLMH_data/UFLMH_data2023/UF_museum_data_2023/Battus philenor/Kailee Stover/20230501/IMG_1699.JPG,0.0,0.0,0.0,0.0,0.0,0.0,N/A,N/A,N,/,A
/project/samc/battus_compvis/UFLMH_data/UFLMH_data2023/UF_museum_data_2023/Battus polydamas/Kailee Stover/20230724/IMG_0143.JPG,0.0,0.0,0.0,0.0,0.0,0.0,N/A,N/A,N,/,A
/project/samc/battus_compvis/UFLMH_data/UFLMH_data2023/UF_museum_data_2023/Battus philenor/Kailee Stover/20230609/IMG_0110.JPG,0.77,0.83,55.3,55.08,110.17,110.14,N/A,N/A,N,/,A
/project/samc/battus_compvis/UFLMH_data/UFLMH_data2023/UF_museum_data_2023/Battus polydamas/Kailee Stover/20230707/IMG_0019.JPG,42.98,43.04,49.6,50.29,74.26,0.9,N/A,N/A,N,/,A
/project/samc/battus_compvis/UFLMH_data/UFLMH_data2023/UF_museum_data_2023/Battus polydamas/Marcela Diaz/20230619/IMG_5040.JPG,49.75,49.31,56.26,56.33,103.23,6.8,N/A,N/A,N,/,A
/project/samc/battus_compvis/UFLMH_data/UFLMH_data2023/UF_museum_data_2023/Battus philenor/Marcela Diaz/20230427/IMG_2441.JPG,44.96,45.18,49.0,48.79,85.47,0.52,N/A,N/A,N,/,A
/project/samc/battus_compvis/UFLMH_data/UFLMH_data2023/UF_museum_data_2023/Battus philenor/Marcela Diaz/20230501/IMG_2572.JPG,60.34,16.09,30.25,40.0,69.11,0.28,N/A,N/A,N,/,A
/project/samc/battus_compvis/UFLMH_data/UFLMH_data2023/UF_museum_data_2023/Battus philenor/Marcela Diaz/20230427/IMG_2433.JPG,0.91,2.08,50.27,50.8,98.93,98.78,N/A,N/A,N,/,A
/project/samc/battus_compvis/UFLMH_data/UFLMH_data2023/UF_museum_data_2023/Battus polydamas/Kailee Stover/20230710/IMG_0096.JPG,43.73,44.25,50.16,50.59,75.99,0.81,N/A,N/A,N,/,A
/project/samc/battus_compvis/UFLMH_data/UFLMH_data2023/UF_museum_data_2023/Battus polydamas/Kailee Stover/20230724/IMG_0193.JPG,49.41,49.81,57.77,57.59,100.8,7.5,N/A,N/A,N,/,A
/project/samc/battus_compvis/UFLMH_data/UFLMH_data2023/UF_museum_data_2023/Battus polydamas/Kailee Stover/20230724/IMG_0162.JPG,0.0,0.0,0.0,0.0,0.0,0.0,N/A,N/A,N,/,A
/project/samc/battus_compvis/UFLMH_data/UFLMH_data2023/UF_museum_data_2023/Battus polydamas/Kailee Stover/20230616/IMG_0239.JPG,47.89,47.75,55.73,55.51,79.78,0.03,N/A,N/A,N,/,A
/project/samc/battus_compvis/UFLMH_data/UFLMH_data2023/UF_museum_data_2023/Battus polydamas/Marcela Diaz/20230619/IMG_5041.JPG,49.05,49.28,55.84,55.94,102.73,6.91,N/A,N/A,N,/,A
/project/samc/battus_compvis/UFLMH_data/UFLMH_data2023/UF_museum_data_2023/Battus philenor/Marcela Diaz/20230526/IMG_4006.JPG,29.39,0.97,24.15,29.56,46.52,46.06,N/A,N/A,N,/,A
/project/samc/battus_compvis/UFLMH_data/UFLMH_data2023/UF_museum_data_2023/Battus philenor/Marcela Diaz/20230427/IMG_2471.JPG,1.87,0.64,54.55,53.9,107.42,107.35,N/A,N/A,N,/,A
/project/samc/battus_compvis/UFLMH_data/UFLMH_data2023/UF_museum_data_2023/Battus philenor/Marcela Diaz/20230424/IMG_2230.JPG,1.14,0.91,50.03,49.67,99.02,98.99,N/A,N/A,N,/,A
/project/samc/battus_compvis/UFLMH_data/UFLMH_data2023/UF_museum_data_2023/Battus philenor/Kailee Stover/20230526/IMG_0207.JPG,0.03,1.45,52.44,53.31,105.6,105.47,N/A,N/A,N,/,A
/project/samc/battus_compvis/UFLMH_data/UFLMH_data2023/UF_museum_data_2023/Battus polydamas/Marcela Diaz/20230705/IMG_5415.JPG,7.31,7.44,8.71,8.69,13.15,0.82,N/A,N/A,N,/,A
/project/samc/battus_compvis/UFLMH_data/UFLMH_data2023/UF_museum_data_2023/Battus polydamas/Kailee Stover/20230724/IMG_0189.JPG,48.99,48.32,53.16,52.6,100.45,4.74,N/A,N/A,N,/,A
/project/samc/battus_compvis/UFLMH_data/UFLMH_data2023/UF_museum_data_2023/Battus philenor/Kailee Stover/20230518/IMG_2333.JPG,0.03,0.13,50.13,52.83,100.27,100.25,N/A,N/A,N,/,A
/project/samc/battus_compvis/UFLMH_data/UFLMH_data2023/UF_museum_data_2023/Battus polydamas/Kailee Stover/20230717/IMG_0297.JPG,11.01,10.86,13.19,13.16,19.92,1.42,N/A,N/A,N,/,A
/project/samc/battus_compvis/UFLMH_data/UFLMH_data2023/UF_museum_data_2023/Battus polydamas/Marcela Diaz/20230621/IMG_5162.JPG,20.1,0.67,29.42,27.3,50.03,30.66,N/A,N/A,N,/,A
/project/samc/battus_compvis/UFLMH_data/UFLMH_data2023/UF_museum_data_2023/Battus philenor/Kailee Stover/20230508/IMG_2079.JPG,0.55,0.87,44.45,43.4,87.59,87.57,N/A,N/A,N,/,A
/project/samc/battus_compvis/UFLMH_data/UFLMH_data2023/UF_museum_data_2023/Battus philenor/Kailee Stover/20230526/IMG_0185.JPG,5.1,5.12,6.24,6.27,9.43,0.7,N/A,N/A,N,/,A
/project/samc/battus_compvis/UFLMH_data/UFLMH_data2023/UF_museum_data_2023/Battus polydamas/Kailee Stover/20230710/IMG_0120.JPG,58.33,17.81,29.21,39.64,67.34,0.16,N/A,N/A,N,/,A
/project/samc/battus_compvis/UFLMH_data/UFLMH_data2023/UF_museum_data_2023/Battus philenor/Kailee Stover/20230526/IMG_0194.JPG,1.03,1.0,55.97,55.82,111.22,111.18,N/A,N/A,N,/,A
/project/samc/battus_compvis/UFLMH_data/UFLMH_data2023/UF_museum_data_2023/Battus polydamas/Kailee Stover/20230724/IMG_0161.JPG,0.0,0.0,0.0,0.0,0.0,0.0,N/A,N/A,N,/,A
/project/samc/battus_compvis/UFLMH_data/UFLMH_data2023/UF_museum_data_2023/Battus philenor/Marcela Diaz/20230410/IMG_1521.JPG,0.0,0.0,0.0,0.0,0.0,0.0,N/A,N/A,N,/,A
/project/samc/battus_compvis/UFLMH_data/UFLMH_data2023/UF_museum_data_2023/Battus polydamas/Kailee Stover/20230710/IMG_0121.JPG,17.81,57.34,38.85,28.67,65.93,0.04,N/A,N/A,N,/,A
/project/samc/battus_compvis/UFLMH_data/UFLMH_data2023/UF_museum_data_2023/Battus polydamas/Kailee Stover/20230705/IMG_0124.JPG,46.8,46.69,53.81,53.97,75.12,0.11,N/A,N/A,N,/,A
/project/samc/battus_compvis/UFLMH_data/UFLMH_data2023/UF_museum_data_2023/Battus philenor/Kailee Stover/20230501/IMG_1604.JPG,36.22,36.96,42.27,43.23,61.7,0.03,N/A,N/A,N,/,A
/project/samc/battus_compvis/UFLMH_data/UFLMH_data2023/UF_museum_data_2023/Battus philenor/Kailee Stover/20230505/IMG_1813.JPG,6.17,6.21,7.5,7.38,10.91,0.66,N/A,N/A,N,/,A
/project/samc/battus_compvis/UFLMH_data/UFLMH_data2023/UF_museum_data_2023/Battus polydamas/Kailee Stover/20230707/IMG_0020.JPG,42.36,42.45,48.77,48.68,73.43,0.72,N/A,N/A,N,/,A
/project/samc/battus_compvis/UFLMH_data/UFLMH_data2023/UF_museum_data_2023/Battus polydamas/Kailee Stover/20230710/IMG_0031.JPG,0.0,0.0,0.0,0.0,0.0,0.0,N/A,N/A,N,/,A
/project/samc/battus_compvis/UFLMH_data/UFLMH_data2023/UF_museum_data_2023/Battus polydamas/Kailee Stover/20230719/IMG_0120.JPG,0.0,0.0,0.0,0.0,0.0,0.0,N/A,N/A,N,/,A
/project/samc/battus_compvis/UFLMH_data/UFLMH_data2023/UF_museum_data_2023/Battus philenor/Marcela Diaz/20230530/IMG_4074.JPG,0.0,0.0,0.0,0.0,0.0,0.0,N/A,N/A,N,/,A
/project/samc/battus_compvis/UFLMH_data/UFLMH_data2023/UF_museum_data_2023/Battus polydamas/Kailee Stover/20230719/IMG_0133.JPG,0.0,0.0,0.0,0.0,0.0,0.0,N/A,N/A,N,/,A
/project/samc/battus_compvis/UFLMH_data/UFLMH_data2023/UF_museum_data_2023/Battus philenor/Kailee Stover/20230518/IMG_2314.JPG,39.81,39.77,45.92,45.81,68.2,0.5,N/A,N/A,N,/,A
/project/samc/battus_compvis/UFLMH_data/UFLMH_data2023/UF_museum_data_2023/Battus polydamas/Kailee Stover/20230710/IMG_0125.JPG,55.48,19.38,27.86,39.11,65.16,0.42,N/A,N/A,N,/,A
/project/samc/battus_compvis/UFLMH_data/UFLMH_data2023/UF_museum_data_2023/Battus philenor/Marcela Diaz/20230425/IMG_2282.JPG,7.44,7.44,8.69,8.76,14.31,0.92,N/A,N/A,N,/,A
/project/samc/battus_compvis/UFLMH_data/UFLMH_data2023/UF_museum_data_2023/Battus philenor/Kailee Stover/20230508/IMG_2084.JPG,7.63,7.12,24.29,24.52,37.67,33.45,N/A,N/A,N,/,A
/project/samc/battus_compvis/UFLMH_data/UFLMH_data2023/UF_museum_data_2023/Battus philenor/Marcela Diaz/20230508/IMG_2915.JPG,55.05,55.16,63.38,63.25,105.54,5.27,N/A,N/A,N,/,A
/project/samc/battus_compvis/UFLMH_data/UFLMH_data2023/UF_museum_data_2023/Battus philenor/Kailee Stover/20230501/IMG_1680.JPG,0.03,0.17,40.25,40.6,80.39,80.36,N/A,N/A,N,/,A
/project/samc/battus_compvis/UFLMH_data/UFLMH_data2023/UF_museum_data_2023/Battus polydamas/Kailee Stover/20230623/IMG_0065.JPG,43.56,46.37,53.34,53.53,97.06,10.42,N/A,N/A,N,/,A
/project/samc/battus_compvis/UFLMH_data/UFLMH_data2023/UF_museum_data_2023/Battus polydamas/Marcela Diaz/20230623/IMG_5225.JPG,48.02,47.85,53.54,53.54,101.16,5.71,N/A,N/A,N,/,A
/project/samc/battus_compvis/UFLMH_data/UFLMH_data2023/UF_museum_data_2023/Battus polydamas/Kailee Stover/20230712/IMG_0129.JPG,0.0,0.0,0.0,0.0,0.0,0.0,N/A,N/A,N,/,A
/project/samc/battus_compvis/UFLMH_data/UFLMH_data2023/UF_museum_data_2023/Battus polydamas/Kailee Stover/20230719/IMG_0081.JPG,0.0,0.0,0.0,0.0,0.0,0.0,N/A,N/A,N,/,A
/project/samc/battus_compvis/UFLMH_data/UFLMH_data2023/UF_museum_data_2023/Battus philenor/Marcela Diaz/20230526/IMG_3975.JPG,0.32,38.75,29.07,30.99,52.94,51.79,N/A,N/A,N,/,A
/project/samc/battus_compvis/UFLMH_data/UFLMH_data2023/UF_museum_data_2023/Battus philenor/Kailee Stover/20230510/IMG_2240.JPG,2.25,3.26,40.25,40.68,74.15,74.09,N/A,N/A,N,/,A
/project/samc/battus_compvis/UFLMH_data/UFLMH_data2023/UF_museum_data_2023/Battus philenor/Kailee Stover/20230526/IMG_0197.JPG,2.32,2.13,51.74,51.41,99.34,99.3,N/A,N/A,N,/,A
/project/samc/battus_compvis/UFLMH_data/UFLMH_data2023/UF_museum_data_2023/Battus philenor/Marcela Diaz/20230427/IMG_2466.JPG,3.55,2.61,50.01,50.72,97.76,97.7,N/A,N/A,N,/,A
/project/samc/battus_compvis/UFLMH_data/UFLMH_data2023/UF_museum_data_2023/Battus polydamas/Kailee Stover/20230717/IMG_0207.JPG,0.0,0.0,0.0,0.0,0.0,0.0,N/A,N/A,N,/,A
/project/samc/battus_compvis/UFLMH_data/UFLMH_data2023/UF_museum_data_2023/Battus philenor/Kailee Stover/20230410/IMG_1235.JPG,5.63,5.09,35.77,35.8,48.03,46.97,N/A,N/A,N,/,A
/project/samc/battus_compvis/UFLMH_data/UFLMH_data2023/UF_museum_data_2023/Battus philenor/Marcela Diaz/20230510/IMG_3247.JPG,0.95,27.23,41.15,36.13,76.83,49.44,N/A,N/A,N,/,A
/project/samc/battus_compvis/UFLMH_data/UFLMH_data2023/UF_museum_data_2023/Battus philenor/Marcela Diaz/20230424/IMG_2237.JPG,0.16,3.71,53.17,52.79,102.88,102.8,N/A,N/A,N,/,A
/project/samc/battus_compvis/UFLMH_data/UFLMH_data2023/UF_museum_data_2023/Battus philenor/Marcela Diaz/20230524/IMG_3821.JPG,48.67,49.38,53.96,54.5,101.45,5.61,N/A,N/A,N,/,A
/project/samc/battus_compvis/UFLMH_data/UFLMH_data2023/UF_museum_data_2023/Battus polydamas/Kailee Stover/20230628/IMG_0071.JPG,20.37,26.27,37.6,26.51,63.86,26.06,N/A,N/A,N,/,A
/project/samc/battus_compvis/UFLMH_data/UFLMH_data2023/UF_museum_data_2023/Battus philenor/Marcela Diaz/20230505/IMG_2880.JPG,51.29,51.37,56.46,57.88,103.9,6.23,N/A,N/A,N,/,A
/project/samc/battus_compvis/UFLMH_data/UFLMH_data2023/UF_museum_data_2023/Battus philenor/Marcela Diaz/20230427/IMG_2469.JPG,3.13,2.21,54.39,54.22,103.97,103.94,N/A,N/A,N,/,A
/project/samc/battus_compvis/UFLMH_data/UFLMH_data2023/UF_museum_data_2023/Battus polydamas/Marcela Diaz/20230713/IMG_5720.JPG,0.03,0.22,54.04,53.61,106.44,106.4,N/A,N/A,N,/,A
/project/samc/battus_compvis/UFLMH_data/UFLMH_data2023/UF_museum_data_2023/Battus philenor/Marcela Diaz/20230510/IMG_3222.JPG,31.77,1.38,40.63,45.69,85.65,53.44,N/A,N/A,N,/,A
/project/samc/battus_compvis/UFLMH_data/UFLMH_data2023/UF_museum_data_2023/Battus polydamas/Marcela Diaz/20230613/IMG_4860.JPG,9.34,32.92,31.45,29.09,60.36,23.36,N/A,N/A,N,/,A
/project/samc/battus_compvis/UFLMH_data/UFLMH_data2023/UF_museum_data_2023/Battus philenor/Kailee Stover/20230417/IMG_1440.JPG,0.0,0.0,0.0,0.0,0.0,0.0,N/A,N/A,N,/,A
/project/samc/battus_compvis/UFLMH_data/UFLMH_data2023/UF_museum_data_2023/Battus philenor/Marcela Diaz/20230424/IMG_2226.JPG,5.41,3.65,50.8,49.48,90.94,90.78,N/A,N/A,N,/,A
/project/samc/battus_compvis/UFLMH_data/UFLMH_data2023/UF_museum_data_2023/Battus polydamas/Kailee Stover/20230627/IMG_0009.JPG,43.34,43.14,55.83,55.49,89.64,12.44,N/A,N/A,N,/,A
/project/samc/battus_compvis/UFLMH_data/UFLMH_data2023/UF_museum_data_2023/Battus philenor/Marcela Diaz/20230602/IMG_4270.JPG,0.0,0.0,0.0,0.0,0.0,0.0,N/A,N/A,N,/,A
/project/samc/battus_compvis/UFLMH_data/UFLMH_data2023/UF_museum_data_2023/Battus philenor/Marcela Diaz/20230526/IMG_3970.JPG,53.32,0.13,58.01,57.25,113.24,59.9,N/A,N/A,N,/,A
/project/samc/battus_compvis/UFLMH_data/UFLMH_data2023/UF_museum_data_2023/Battus philenor/Marcela Diaz/20230427/IMG_2444.JPG,0.03,25.18,28.82,29.63,55.82,32.11,N/A,N/A,N,/,A
/project/samc/battus_compvis/UFLMH_data/UFLMH_data2023/UF_museum_data_2023/Battus philenor/Marcela Diaz/20230427/IMG_2424.JPG,1.53,1.21,50.19,51.57,100.02,99.99,N/A,N/A,N,/,A
/project/samc/battus_compvis/UFLMH_data/UFLMH_data2023/UF_museum_data_2023/Battus philenor/Kailee Stover/20230609/IMG_0111.JPG,0.26,0.58,54.18,54.03,108.0,107.97,N/A,N/A,N,/,A
/project/samc/battus_compvis/UFLMH_data/UFLMH_data2023/UF_museum_data_2023/Battus polydamas/Marcela Diaz/20230629/IMG_0084.JPG,0.0,0.0,0.0,0.0,0.0,0.0,N/A,N/A,N,/,A
/project/samc/battus_compvis/UFLMH_data/UFLMH_data2023/UF_museum_data_2023/Battus philenor/Marcela Diaz/20230418/IMG_1912.JPG,0.0,0.0,0.0,0.0,0.0,0.0,N/A,N/A,N,/,A
/project/samc/battus_compvis/UFLMH_data/UFLMH_data2023/UF_museum_data_2023/Battus philenor/Marcela Diaz/20230425/IMG_2322.JPG,56.89,57.08,65.33,65.76,107.81,6.03,N/A,N/A,N,/,A
/project/samc/battus_compvis/UFLMH_data/UFLMH_data2023/UF_museum_data_2023/Battus polydamas/Marcela Diaz/20230629/IMG_0072.JPG,0.0,0.0,0.0,0.0,0.0,0.0,N/A,N/A,N,/,A
/project/samc/battus_compvis/UFLMH_data/UFLMH_data2023/UF_museum_data_2023/Battus philenor/Marcela Diaz/20230427/IMG_2462.JPG,0.03,48.02,55.1,55.81,106.52,58.5,N/A,N/A,N,/,A
/project/samc/battus_compvis/UFLMH_data/UFLMH_data2023/UF_museum_data_2023/Battus polydamas/Kailee Stover/20230719/IMG_0086.JPG,0.0,0.0,0.0,0.0,0.0,0.0,N/A,N/A,N,/,A
/project/samc/battus_compvis/UFLMH_data/UFLMH_data2023/UF_museum_data_2023/Battus polydamas/Kailee Stover/20230724/IMG_0195.JPG,48.56,47.48,51.98,51.88,101.74,5.87,N/A,N/A,N,/,A
/project/samc/battus_compvis/UFLMH_data/UFLMH_data2023/UF_museum_data_2023/Battus polydamas/Kailee Stover/20230710/IMG_0118.JPG,0.17,22.69,24.4,29.22,51.09,30.23,N/A,N/A,N,/,A
/project/samc/battus_compvis/UFLMH_data/UFLMH_data2023/UF_museum_data_2023/Battus philenor/Kailee Stover/20230526/IMG_0201.JPG,1.35,1.8,44.96,45.07,88.07,88.03,N/A,N/A,N,/,A
/project/samc/battus_compvis/UFLMH_data/UFLMH_data2023/UF_museum_data_2023/Battus philenor/Marcela Diaz/20230427/IMG_2468.JPG,1.86,3.74,54.61,55.08,105.08,105.02,N/A,N/A,N,/,A
/project/samc/battus_compvis/UFLMH_data/UFLMH_data2023/UF_museum_data_2023/Battus philenor/Marcela Diaz/20230428/IMG_2508.JPG,55.39,54.27,63.39,63.48,105.41,5.96,N/A,N/A,N,/,A
/project/samc/battus_compvis/UFLMH_data/UFLMH_data2023/UF_museum_data_2023/Battus philenor/Kailee Stover/20230518/IMG_2296.JPG,46.27,44.19,53.51,51.55,81.95,0.72,N/A,N/A,N,/,A
/project/samc/battus_compvis/UFLMH_data/UFLMH_data2023/UF_museum_data_2023/Battus polydamas/Marcela Diaz/20230711/IMG_5702.JPG,5.35,5.49,6.44,6.51,10.04,0.69,N/A,N/A,N,/,A
/project/samc/battus_compvis/UFLMH_data/UFLMH_data2023/UF_museum_data_2023/Battus philenor/Marcela Diaz/20230425/IMG_2296.JPG,18.12,0.55,28.21,23.85,47.68,29.91,N/A,N/A,N,/,A
/project/samc/battus_compvis/UFLMH_data/UFLMH_data2023/UF_museum_data_2023/Battus polydamas/Marcela Diaz/20230619/IMG_5071.JPG,52.53,51.79,60.66,60.12,84.91,0.03,N/A,N/A,N,/,A
/project/samc/battus_compvis/UFLMH_data/UFLMH_data2023/UF_museum_data_2023/Battus philenor/Marcela Diaz/20230424/IMG_2236.JPG,1.48,0.45,50.73,50.6,100.64,100.54,N/A,N/A,N,/,A
/project/samc/battus_compvis/UFLMH_data/UFLMH_data2023/UF_museum_data_2023/Battus philenor/Marcela Diaz/20230428/IMG_2509.JPG,54.86,53.97,63.85,63.13,105.76,6.74,N/A,N/A,N,/,A
/project/samc/battus_compvis/UFLMH_data/UFLMH_data2023/UF_museum_data_2023/Battus polydamas/Kailee Stover/20230623/IMG_0114.JPG,37.68,37.24,49.76,49.61,75.57,10.19,N/A,N/A,N,/,A
/project/samc/battus_compvis/UFLMH_data/UFLMH_data2023/UF_museum_data_2023/Battus polydamas/Marcela Diaz/20230623/IMG_5253.JPG,44.82,43.5,48.43,48.05,83.83,0.69,N/A,N/A,N,/,A
/project/samc/battus_compvis/UFLMH_data/UFLMH_data2023/UF_museum_data_2023/Battus philenor/Kailee Stover/20230424/IMG_1572.JPG,14.05,0.36,28.44,23.29,47.6,34.54,N/A,N/A,N,/,A
/project/samc/battus_compvis/UFLMH_data/UFLMH_data2023/UF_museum_data_2023/Battus polydamas/Kailee Stover/20230724/IMG_0191.JPG,46.21,47.71,53.25,53.18,101.18,8.24,N/A,N/A,N,/,A
/project/samc/battus_compvis/UFLMH_data/UFLMH_data2023/UF_museum_data_2023/Battus philenor/Marcela Diaz/20230407/IMG_1422.JPG,52.24,51.61,60.62,61.12,100.05,6.2,N/A,N/A,N,/,A
/project/samc/battus_compvis/UFLMH_data/UFLMH_data2023/UF_museum_data_2023/Battus philenor/Marcela Diaz/20230417/IMG_1870.JPG,47.03,47.34,53.99,53.81,77.89,0.41,N/A,N/A,N,/,A
/project/samc/battus_compvis/UFLMH_data/UFLMH_data2023/UF_museum_data_2023/Battus philenor/Kailee Stover/20230510/IMG_2203.JPG,44.04,44.73,50.79,51.65,81.5,0.74,N/A,N/A,N,/,A
/project/samc/battus_compvis/UFLMH_data/UFLMH_data2023/UF_museum_data_2023/Battus philenor/Marcela Diaz/20230427/IMG_2439.JPG,3.03,2.74,42.04,42.54,79.96,79.93,N/A,N/A,N,/,A
/project/samc/battus_compvis/UFLMH_data/UFLMH_data2023/UF_museum_data_2023/Battus philenor/Kailee Stover/20230424/IMG_1573.JPG,0.03,21.24,23.66,30.9,47.26,26.94,N/A,N/A,N,/,A
/project/samc/battus_compvis/UFLMH_data/UFLMH_data2023/UF_museum_data_2023/Battus philenor/Kailee Stover/20230424/IMG_1596.JPG,0.0,0.0,0.0,0.0,0.0,0.0,N/A,N/A,N,/,A
/project/samc/battus_compvis/UFLMH_data/UFLMH_data2023/UF_museum_data_2023/Battus philenor/Marcela Diaz/20230427/IMG_2467.JPG,1.73,4.56,50.43,50.38,97.65,97.45,N/A,N/A,N,/,A
/project/samc/battus_compvis/UFLMH_data/UFLMH_data2023/UF_museum_data_2023/Battus polydamas/Kailee Stover/20230710/IMG_0097.JPG,44.08,44.51,50.1,50.68,79.05,0.08,N/A,N/A,N,/,A
/project/samc/battus_compvis/UFLMH_data/UFLMH_data2023/UF_museum_data_2023/Battus philenor/Marcela Diaz/20230427/IMG_2455.JPG,1.74,0.81,55.37,54.79,109.22,109.12,N/A,N/A,N,/,A
/project/samc/battus_compvis/UFLMH_data/UFLMH_data2023/UF_museum_data_2023/Battus philenor/Marcela Diaz/20230424/IMG_2243.JPG,48.51,46.85,54.27,51.95,87.95,0.13,N/A,N/A,N,/,A
/project/samc/battus_compvis/UFLMH_data/UFLMH_data2023/UF_museum_data_2023/Battus philenor/Marcela Diaz/20230424/IMG_2225.JPG,1.01,1.86,55.77,53.49,105.05,105.07,N/A,N/A,N,/,A
/project/samc/battus_compvis/UFLMH_data/UFLMH_data2023/UF_museum_data_2023/Battus philenor/Marcela Diaz/20230425/IMG_2275.JPG,2.38,1.17,55.14,54.83,107.43,107.36,N/A,N/A,N,/,A
/project/samc/battus_compvis/UFLMH_data/UFLMH_data2023/UF_museum_data_2023/Battus philenor/Marcela Diaz/20230510/IMG_3223.JPG,1.27,30.57,43.92,39.07,82.4,51.49,N/A,N/A,N,/,A
/project/samc/battus_compvis/UFLMH_data/UFLMH_data2023/UF_museum_data_2023/Battus polydamas/Marcela Diaz/20230705/IMG_5433.JPG,40.83,42.21,43.56,45.89,77.66,0.38,N/A,N/A,N,/,A
/project/samc/battus_compvis/UFLMH_data/UFLMH_data2023/UF_museum_data_2023/Battus philenor/Marcela Diaz/20230410/IMG_1526.JPG,0.0,0.0,0.0,0.0,0.0,0.0,N/A,N/A,N,/,A
/project/samc/battus_compvis/UFLMH_data/UFLMH_data2023/UF_museum_data_2023/Battus philenor/Marcela Diaz/20230511/IMG_3251.JPG,29.28,0.88,37.33,39.5,75.16,45.28,N/A,N/A,N,/,A
/project/samc/battus_compvis/UFLMH_data/UFLMH_data2023/UF_museum_data_2023/Battus polydamas/Kailee Stover/20230719/IMG_0137.JPG,0.0,0.0,0.0,0.0,0.0,0.0,N/A,N/A,N,/,A
/project/samc/battus_compvis/UFLMH_data/UFLMH_data2023/UF_museum_data_2023/Battus philenor/Marcela Diaz/20230509/IMG_3014.JPG,32.8,32.41,36.52,36.75,56.11,0.83,N/A,N/A,N,/,A
/project/samc/battus_compvis/UFLMH_data/UFLMH_data2023/UF_museum_data_2023/Battus philenor/Kailee Stover/20230609/IMG_0034.JPG,21.73,0.1,36.9,26.49,52.05,30.98,N/A,N/A,N,/,A
/project/samc/battus_compvis/UFLMH_data/UFLMH_data2023/UF_museum_data_2023/Battus philenor/Marcela Diaz/20230508/IMG_2997.JPG,16.18,14.92,29.53,34.87,62.43,35.29,N/A,N/A,N,/,A
/project/samc/battus_compvis/UFLMH_data/UFLMH_data2023/UF_museum_data_2023/Battus polydamas/Marcela Diaz/20230609/IMG_4626.JPG,46.0,46.81,54.7,55.42,81.83,0.89,N/A,N/A,N,/,A
/project/samc/battus_compvis/UFLMH_data/UFLMH_data2023/UF_museum_data_2023/Battus philenor/Marcela Diaz/20230418/IMG_1972.JPG,17.58,0.05,40.05,28.98,17.68,0.07,N/A,N/A,N,/,A
/project/samc/battus_compvis/UFLMH_data/UFLMH_data2023/UF_museum_data_2023/Battus polydamas/Kailee Stover/20230623/IMG_0134.JPG,56.98,53.41,58.97,58.77,111.78,4.85,N/A,N/A,N,/,A
/project/samc/battus_compvis/UFLMH_data/UFLMH_data2023/UF_museum_data_2023/Battus polydamas/Kailee Stover/20230623/IMG_0057.JPG,0.0,0.0,0.0,0.0,0.0,0.0,N/A,N/A,N,/,A
/project/samc/battus_compvis/UFLMH_data/UFLMH_data2023/UF_museum_data_2023/Battus polydamas/Kailee Stover/20230719/IMG_0097.JPG,0.0,0.0,0.0,0.0,0.0,0.0,N/A,N/A,N,/,A
/project/samc/battus_compvis/UFLMH_data/UFLMH_data2023/UF_museum_data_2023/Battus philenor/Marcela Diaz/20230511/IMG_3408.JPG,24.31,1.16,25.33,29.81,28.89,38.9,N/A,N/A,N,/,A
/project/samc/battus_compvis/UFLMH_data/UFLMH_data2023/UF_museum_data_2023/Battus polydamas/Kailee Stover/20230712/IMG_0105.JPG,46.99,46.08,50.89,49.91,90.76,0.03,N/A,N/A,N,/,A
/project/samc/battus_compvis/UFLMH_data/UFLMH_data2023/UF_museum_data_2023/Battus philenor/Marcela Diaz/20230427/IMG_2430.JPG,4.95,2.41,50.39,49.82,95.75,95.55,N/A,N/A,N,/,A
/project/samc/battus_compvis/UFLMH_data/UFLMH_data2023/UF_museum_data_2023/Battus philenor/Marcela Diaz/20230427/IMG_2431.JPG,1.04,3.74,50.41,50.13,97.67,97.54,N/A,N/A,N,/,A
/project/samc/battus_compvis/UFLMH_data/UFLMH_data2023/UF_museum_data_2023/Battus polydamas/Marcela Diaz/20230614/IMG_4884.JPG,40.79,41.24,48.67,49.94,68.03,0.49,N/A,N/A,N,/,A
/project/samc/battus_compvis/UFLMH_data/UFLMH_data2023/UF_museum_data_2023/Battus philenor/Marcela Diaz/20230424/IMG_2239.JPG,2.02,1.47,56.62,56.73,109.96,109.93,N/A,N/A,N,/,A
/project/samc/battus_compvis/UFLMH_data/UFLMH_data2023/UF_museum_data_2023/Battus philenor/Kailee Stover/20230410/IMG_1239.JPG,4.82,6.58,29.58,30.13,41.44,39.75,N/A,N/A,N,/,A
/project/samc/battus_compvis/UFLMH_data/UFLMH_data2023/UF_museum_data_2023/Battus philenor/Marcela Diaz/20230509/IMG_3027.JPG,39.96,40.93,47.11,47.26,71.34,0.98,N/A,N/A,N,/,A
/project/samc/battus_compvis/UFLMH_data/UFLMH_data2023/UF_museum_data_2023/Battus philenor/Marcela Diaz/20230605/IMG_4345.JPG,0.0,0.0,0.0,0.0,0.0,0.0,N/A,N/A,N,/,A
/project/samc/battus_compvis/UFLMH_data/UFLMH_data2023/UF_museum_data_2023/Battus polydamas/Kailee Stover/20230719/IMG_0105.JPG,297.71,299.08,374.45,372.93,521.87,37.46,N/A,N/A,N,/,A
/project/samc/battus_compvis/UFLMH_data/UFLMH_data2023/UF_museum_data_2023/Battus polydamas/Kailee Stover/20230717/IMG_0268.JPG,5.48,5.63,6.66,6.64,9.87,0.72,N/A,N/A,N,/,A
/project/samc/battus_compvis/UFLMH_data/UFLMH_data2023/UF_museum_data_2023/Battus philenor/Marcela Diaz/20230424/IMG_2248.JPG,11.43,14.72,42.79,42.53,62.68,62.65,N/A,N/A,N,/,A
/project/samc/battus_compvis/UFLMH_data/UFLMH_data2023/UF_museum_data_2023/Battus polydamas/Marcela Diaz/20230711/IMG_5701.JPG,9.12,8.92,10.41,10.4,16.61,1.09,N/A,N/A,N,/,A
/project/samc/battus_compvis/UFLMH_data/UFLMH_data2023/UF_museum_data_2023/Battus philenor/Marcela Diaz/20230427/IMG_2428.JPG,0.03,1.08,52.86,51.1,103.95,103.85,N/A,N/A,N,/,A
/project/samc/battus_compvis/UFLMH_data/UFLMH_data2023/UF_museum_data_2023/Battus polydamas/Marcela Diaz/20230711/IMG_5703.JPG,10.77,10.43,12.64,12.68,20.65,1.44,N/A,N/A,N,/,A
/project/samc/battus_compvis/UFLMH_data/UFLMH_data2023/UF_museum_data_2023/Battus philenor/Marcela Diaz/20230607/IMG_4524.JPG,0.03,43.97,48.61,47.75,95.46,51.49,N/A,N/A,N,/,A
/project/samc/battus_compvis/UFLMH_data/UFLMH_data2023/UF_museum_data_2023/Battus polydamas/Kailee Stover/20230719/IMG_0093.JPG,0.0,0.0,0.0,0.0,0.0,0.0,N/A,N/A,N,/,A
/project/samc/battus_compvis/UFLMH_data/UFLMH_data2023/UF_museum_data_2023/Battus philenor/Marcela Diaz/20230427/IMG_2450.JPG,2.41,2.35,48.52,48.93,93.96,93.93,N/A,N/A,N,/,A
/project/samc/battus_compvis/UFLMH_data/UFLMH_data2023/UF_museum_data_2023/Battus philenor/Marcela Diaz/20230515/IMG_3554.JPG,0.0,0.0,0.0,0.0,0.0,0.0,N/A,N/A,N,/,A
/project/samc/battus_compvis/UFLMH_data/UFLMH_data2023/UF_museum_data_2023/Battus polydamas/Marcela Diaz/20230619/IMG_5036.JPG,50.18,50.16,54.78,55.9,101.57,4.34,N/A,N/A,N,/,A
/project/samc/battus_compvis/UFLMH_data/UFLMH_data2023/UF_museum_data_2023/Battus philenor/Kailee Stover/20230518/IMG_2334.JPG,0.03,0.17,49.91,48.05,95.96,95.92,N/A,N/A,N,/,A
/project/samc/battus_compvis/UFLMH_data/UFLMH_data2023/UF_museum_data_2023/Battus philenor/Marcela Diaz/20230512/IMG_3522.JPG,39.71,39.58,45.54,45.41,68.39,0.55,N/A,N/A,N,/,A
/project/samc/battus_compvis/UFLMH_data/UFLMH_data2023/UF_museum_data_2023/Battus polydamas/Kailee Stover/20230707/IMG_0047.JPG,42.18,42.07,51.34,51.23,65.33,0.13,N/A,N/A,N,/,A
/project/samc/battus_compvis/UFLMH_data/UFLMH_data2023/UF_museum_data_2023/Battus polydamas/Marcela Diaz/20230714/IMG_5790.JPG,0.0,0.0,0.0,0.0,0.0,0.0,N/A,N/A,N,/,A
/project/samc/battus_compvis/UFLMH_data/UFLMH_data2023/UF_museum_data_2023/Battus philenor/Kailee Stover/20230410/IMG_1194.JPG,44.34,43.55,52.34,51.49,70.99,0.03,N/A,N/A,N,/,A
/project/samc/battus_compvis/UFLMH_data/UFLMH_data2023/UF_museum_data_2023/Battus philenor/Kailee Stover/20230424/IMG_1507.JPG,6.44,9.32,41.3,41.71,60.34,60.21,N/A,N/A,N,/,A
/project/samc/battus_compvis/UFLMH_data/UFLMH_data2023/UF_museum_data_2023/Battus philenor/Kailee Stover/20230609/IMG_0146.JPG,54.2,53.46,59.67,60.95,103.44,5.36,N/A,N/A,N,/,A
/project/samc/battus_compvis/UFLMH_data/UFLMH_data2023/UF_museum_data_2023/Battus polydamas/Kailee Stover/20230710/IMG_0048.JPG,0.0,0.0,0.0,0.0,0.0,0.0,N/A,N/A,N,/,A
/project/samc/battus_compvis/UFLMH_data/UFLMH_data2023/UF_museum_data_2023/Battus philenor/Marcela Diaz/20230427/IMG_2458.JPG,3.16,1.26,52.81,53.22,104.35,104.2,N/A,N/A,N,/,A
/project/samc/battus_compvis/UFLMH_data/UFLMH_data2023/UF_museum_data_2023/Battus polydamas/Kailee Stover/20230628/IMG_0004.JPG,0.0,0.0,0.0,0.0,0.0,0.0,N/A,N/A,N,/,A
/project/samc/battus_compvis/UFLMH_data/UFLMH_data2023/UF_museum_data_2023/Battus philenor/Marcela Diaz/20230508/IMG_2894.JPG,17.67,23.17,36.17,27.76,63.41,28.84,N/A,N/A,N,/,A
/project/samc/battus_compvis/UFLMH_data/UFLMH_data2023/UF_museum_data_2023/Battus philenor/Marcela Diaz/20230426/IMG_2375.JPG,1.24,3.06,53.07,52.45,102.6,102.58,N/A,N/A,N,/,A
/project/samc/battus_compvis/UFLMH_data/UFLMH_data2023/UF_museum_data_2023/Battus polydamas/Marcela Diaz/20230711/IMG_5689.JPG,0.0,0.0,0.0,0.0,0.0,0.0,N/A,N/A,N,/,A
/project/samc/battus_compvis/UFLMH_data/UFLMH_data2023/UF_museum_data_2023/Battus polydamas/Marcela Diaz/20230629/IMG_0070.JPG,0.0,0.0,0.0,0.0,0.0,0.0,N/A,N/A,N,/,A
/project/samc/battus_compvis/UFLMH_data/UFLMH_data2023/UF_museum_data_2023/Battus philenor/Marcela Diaz/20230427/IMG_2445.JPG,21.36,7.7,28.32,28.36,55.78,29.44,N/A,N/A,N,/,A
/project/samc/battus_compvis/UFLMH_data/UFLMH_data2023/UF_museum_data_2023/Battus polydamas/Kailee Stover/20230623/IMG_0013.JPG,44.84,45.03,53.43,53.9,70.64,0.07,N/A,N/A,N,/,A
/project/samc/battus_compvis/UFLMH_data/UFLMH_data2023/UF_museum_data_2023/Battus polydamas/Kailee Stover/20230717/IMG_0252.JPG,0.0,0.0,0.0,0.0,0.0,0.0,N/A,N/A,N,/,A
/project/samc/battus_compvis/UFLMH_data/UFLMH_data2023/UF_museum_data_2023/Battus polydamas/Marcela Diaz/20230613/IMG_4858.JPG,11.39,34.51,31.69,27.23,58.86,19.77,N/A,N/A,N,/,A
/project/samc/battus_compvis/UFLMH_data/UFLMH_data2023/UF_museum_data_2023/Battus philenor/Kailee Stover/20230410/IMG_1308.JPG,0.05,16.41,23.97,33.63,16.49,0.05,N/A,N/A,N,/,A
/project/samc/battus_compvis/UFLMH_data/UFLMH_data2023/UF_museum_data_2023/Battus philenor/Kailee Stover/20230410/IMG_1309.JPG,19.31,44.69,34.58,22.84,55.66,1.18,N/A,N/A,N,/,A
/project/samc/battus_compvis/UFLMH_data/UFLMH_data2023/UF_museum_data_2023/Battus philenor/Kailee Stover/20230526/IMG_0205.JPG,0.93,1.0,49.68,49.65,97.74,97.7,N/A,N/A,N,/,A
/project/samc/battus_compvis/UFLMH_data/UFLMH_data2023/UF_museum_data_2023/Battus philenor/Marcela Diaz/20230427/IMG_2460.JPG,3.84,3.06,46.87,46.04,87.31,87.23,N/A,N/A,N,/,A
/project/samc/battus_compvis/UFLMH_data/UFLMH_data2023/UF_museum_data_2023/Battus philenor/Marcela Diaz/20230418/IMG_1973.JPG,0.03,17.21,28.17,38.98,17.27,0.05,N/A,N/A,N,/,A
/project/samc/battus_compvis/UFLMH_data/UFLMH_data2023/UF_museum_data_2023/Battus polydamas/Kailee Stover/20230623/IMG_0010.JPG,36.16,35.48,44.77,43.86,46.35,0.05,N/A,N/A,N,/,A
/project/samc/battus_compvis/UFLMH_data/UFLMH_data2023/UF_museum_data_2023/Battus philenor/Kailee Stover/20230510/IMG_2246.JPG,39.27,38.74,44.47,45.03,71.43,0.8,N/A,N/A,N,/,A
/project/samc/battus_compvis/UFLMH_data/UFLMH_data2023/UF_museum_data_2023/Battus polydamas/Kailee Stover/20230719/IMG_0072.JPG,5.86,5.96,6.9,6.75,10.98,0.79,N/A,N/A,N,/,A
/project/samc/battus_compvis/UFLMH_data/UFLMH_data2023/UF_museum_data_2023/Battus polydamas/Marcela Diaz/20230706/IMG_5505.JPG,23.17,17.36,25.29,33.48,58.42,25.84,N/A,N/A,N,/,A
/project/samc/battus_compvis/UFLMH_data/UFLMH_data2023/UF_museum_data_2023/Battus polydamas/Kailee Stover/20230719/IMG_0074.JPG,0.0,0.0,0.0,0.0,0.0,0.0,N/A,N/A,N,/,A
/project/samc/battus_compvis/UFLMH_data/UFLMH_data2023/UF_museum_data_2023/Battus polydamas/Kailee Stover/20230719/IMG_0089.JPG,0.0,0.0,0.0,0.0,0.0,0.0,N/A,N/A,N,/,A
/project/samc/battus_compvis/UFLMH_data/UFLMH_data2023/UF_museum_data_2023/Battus philenor/Marcela Diaz/20230412/IMG_1692.JPG,0.05,16.49,24.97,33.98,16.56,0.03,N/A,N/A,N,/,A
/project/samc/battus_compvis/UFLMH_data/UFLMH_data2023/UF_museum_data_2023/Battus philenor/Marcela Diaz/20230424/IMG_2238.JPG,2.13,0.97,57.34,56.49,110.38,110.27,N/A,N/A,N,/,A
/project/samc/battus_compvis/UFLMH_data/UFLMH_data2023/UF_museum_data_2023/Battus philenor/Marcela Diaz/20230424/IMG_2229.JPG,0.88,4.1,50.99,52.17,99.65,99.42,N/A,N/A,N,/,A
/project/samc/battus_compvis/UFLMH_data/UFLMH_data2023/UF_museum_data_2023/Battus philenor/Marcela Diaz/20230526/IMG_4007.JPG,0.0,0.0,0.0,0.0,0.0,0.0,N/A,N/A,N,/,A
/project/samc/battus_compvis/UFLMH_data/UFLMH_data2023/UF_museum_data_2023/Battus polydamas/Kailee Stover/20230719/IMG_0085.JPG,0.0,0.0,0.0,0.0,0.0,0.0,N/A,N/A,N,/,A
/project/samc/battus_compvis/UFLMH_data/UFLMH_data2023/UF_museum_data_2023/Battus philenor/Marcela Diaz/20230424/IMG_2245.JPG,52.05,53.39,60.87,61.04,100.49,5.43,N/A,N/A,N,/,A
/project/samc/battus_compvis/UFLMH_data/UFLMH_data2023/UF_museum_data_2023/Battus philenor/Marcela Diaz/20230417/IMG_1884.JPG,27.87,0.81,35.44,36.21,69.51,41.6,N/A,N/A,N,/,A
/project/samc/battus_compvis/UFLMH_data/UFLMH_data2023/UF_museum_data_2023/Battus philenor/Marcela Diaz/20230417/IMG_1871.JPG,46.34,45.72,53.42,52.96,76.23,0.59,N/A,N/A,N,/,A
/project/samc/battus_compvis/UFLMH_data/UFLMH_data2023/UF_museum_data_2023/Battus philenor/Marcela Diaz/20230424/IMG_2231.JPG,1.3,0.81,51.35,51.36,101.84,101.79,N/A,N/A,N,/,A
/project/samc/battus_compvis/UFLMH_data/UFLMH_data2023/UF_museum_data_2023/Battus philenor/Marcela Diaz/20230418/IMG_1913.JPG,0.0,0.0,0.0,0.0,0.0,0.0,N/A,N/A,N,/,A
/project/samc/battus_compvis/UFLMH_data/UFLMH_data2023/UF_museum_data_2023/Battus philenor/Marcela Diaz/20230426/IMG_2379.JPG,7.39,4.01,46.41,46.23,83.85,83.75,N/A,N/A,N,/,A
/project/samc/battus_compvis/UFLMH_data/UFLMH_data2023/UF_museum_data_2023/Battus philenor/Marcela Diaz/20230426/IMG_2380.JPG,1.79,1.95,53.12,52.68,102.02,101.98,N/A,N/A,N,/,A
/project/samc/battus_compvis/UFLMH_data/UFLMH_data2023/UF_museum_data_2023/Battus philenor/Marcela Diaz/20230530/IMG_4075.JPG,0.0,0.0,0.0,0.0,0.0,0.0,N/A,N/A,N,/,A
/project/samc/battus_compvis/UFLMH_data/UFLMH_data2023/UF_museum_data_2023/Battus philenor/Kailee Stover/20230501/IMG_1715.JPG,40.15,42.34,46.44,48.65,77.53,0.79,N/A,N/A,N,/,A
/project/samc/battus_compvis/UFLMH_data/UFLMH_data2023/UF_museum_data_2023/Battus polydamas/Kailee Stover/20230712/IMG_0101.JPG,19.29,9.08,29.11,24.42,51.0,24.57,N/A,N/A,N,/,A
/project/samc/battus_compvis/UFLMH_data/UFLMH_data2023/UF_museum_data_2023/Battus polydamas/Kailee Stover/20230623/IMG_0049.JPG,37.2,36.87,45.27,45.36,59.41,0.53,N/A,N/A,N,/,A
/project/samc/battus_compvis/UFLMH_data/UFLMH_data2023/UF_museum_data_2023/Battus philenor/Kailee Stover/20230424/IMG_1518.JPG,18.47,17.95,21.33,21.48,31.47,1.62,N/A,N/A,N,/,A
/project/samc/battus_compvis/UFLMH_data/UFLMH_data2023/UF_museum_data_2023/Battus philenor/Kailee Stover/20230510/IMG_2219.JPG,31.31,30.75,35.89,35.17,56.34,0.8,N/A,N/A,N,/,A
/project/samc/battus_compvis/UFLMH_data/UFLMH_data2023/UF_museum_data_2023/Battus philenor/Marcela Diaz/20230508/IMG_2979.JPG,0.0,0.0,0.0,0.0,0.0,0.0,N/A,N/A,N,/,A
/project/samc/battus_compvis/UFLMH_data/UFLMH_data2023/UF_museum_data_2023/Battus philenor/Kailee Stover/20230609/IMG_0072.JPG,40.77,40.71,43.72,43.9,69.97,0.62,N/A,N/A,N,/,A
/project/samc/battus_compvis/UFLMH_data/UFLMH_data2023/UF_museum_data_2023/Battus polydamas/Marcela Diaz/20230705/IMG_5434.JPG,39.77,38.29,43.31,41.39,72.93,0.51,N/A,N/A,N,/,A
/project/samc/battus_compvis/UFLMH_data/UFLMH_data2023/UF_museum_data_2023/Battus philenor/Marcela Diaz/20230425/IMG_2274.JPG,1.24,2.7,53.25,53.96,104.99,104.89,N/A,N/A,N,/,A
/project/samc/battus_compvis/UFLMH_data/UFLMH_data2023/UF_museum_data_2023/Battus philenor/Marcela Diaz/20230502/IMG_2669.JPG,2.16,3.28,34.54,33.13,65.75,65.75,N/A,N/A,N,/,A
/project/samc/battus_compvis/UFLMH_data/UFLMH_data2023/UF_museum_data_2023/Battus philenor/Marcela Diaz/20230426/IMG_2381.JPG,2.05,1.89,52.44,52.23,101.32,101.28,N/A,N/A,N,/,A
/project/samc/battus_compvis/UFLMH_data/UFLMH_data2023/UF_museum_data_2023/Battus philenor/Kailee Stover/20230510/IMG_2239.JPG,3.51,1.58,40.17,39.58,74.73,74.56,N/A,N/A,N,/,A
/project/samc/battus_compvis/UFLMH_data/UFLMH_data2023/UF_museum_data_2023/Battus philenor/Kailee Stover/20230501/IMG_1779.JPG,46.06,43.19,50.93,48.2,80.85,0.87,N/A,N/A,N,/,A
/project/samc/battus_compvis/UFLMH_data/UFLMH_data2023/UF_museum_data_2023/Battus philenor/Kailee Stover/20230505/IMG_1814.JPG,19.32,19.27,22.91,23.13,34.37,2.12,N/A,N/A,N,/,A
/project/samc/battus_compvis/UFLMH_data/UFLMH_data2023/UF_museum_data_2023/Battus philenor/Marcela Diaz/20230427/IMG_2440.JPG,45.95,45.56,50.05,49.95,87.23,0.9,N/A,N/A,N,/,A
/project/samc/battus_compvis/UFLMH_data/UFLMH_data2023/UF_museum_data_2023/Battus philenor/Marcela Diaz/20230427/IMG_2452.JPG,2.96,2.54,51.49,51.26,99.58,99.53,N/A,N/A,N,/,A
/project/samc/battus_compvis/UFLMH_data/UFLMH_data2023/UF_museum_data_2023/Battus polydamas/Kailee Stover/20230628/IMG_0031.JPG,44.05,41.82,48.06,45.72,75.88,0.48,N/A,N/A,N,/,A
/project/samc/battus_compvis/UFLMH_data/UFLMH_data2023/UF_museum_data_2023/Battus polydamas/Kailee Stover/20230710/IMG_0035.JPG,50.37,51.2,54.34,55.32,85.98,0.03,N/A,N/A,N,/,A
/project/samc/battus_compvis/UFLMH_data/UFLMH_data2023/UF_museum_data_2023/Battus polydamas/Kailee Stover/20230710/IMG_0119.JPG,18.88,32.99,27.3,24.96,51.19,10.42,N/A,N/A,N,/,A
/project/samc/battus_compvis/UFLMH_data/UFLMH_data2023/UF_museum_data_2023/Battus polydamas/Marcela Diaz/20230619/IMG_5042.JPG,50.11,53.31,56.48,58.17,106.28,4.71,N/A,N/A,N,/,A
/project/samc/battus_compvis/UFLMH_data/UFLMH_data2023/UF_museum_data_2023/Battus polydamas/Marcela Diaz/20230705/IMG_5436.JPG,248.99,243.39,284.33,280.88,449.71,29.57,N/A,N/A,N,/,A
/project/samc/battus_compvis/UFLMH_data/UFLMH_data2023/UF_museum_data_2023/Battus polydamas/Marcela Diaz/20230630/IMG_5358.JPG,0.0,0.0,0.0,0.0,0.0,0.0,N/A,N/A,N,/,A
/project/samc/battus_compvis/UFLMH_data/UFLMH_data2023/UF_museum_data_2023/Battus philenor/Marcela Diaz/20230414/IMG_1768.JPG,16.36,16.58,19.5,19.58,31.0,1.87,N/A,N/A,N,/,A
/project/samc/battus_compvis/UFLMH_data/UFLMH_data2023/UF_museum_data_2023/Battus polydamas/Kailee Stover/20230719/IMG_0002.JPG,0.0,0.0,0.0,0.0,0.0,0.0,N/A,N/A,N,/,A
/project/samc/battus_compvis/UFLMH_data/UFLMH_data2023/UF_museum_data_2023/Battus polydamas/Kailee Stover/20230628/IMG_0074.JPG,53.74,17.44,26.87,36.92,62.19,0.03,N/A,N/A,N,/,A
/project/samc/battus_compvis/UFLMH_data/UFLMH_data2023/UF_museum_data_2023/Battus polydamas/Marcela Diaz/20230710/IMG_5591.JPG,0.0,0.0,0.0,0.0,0.0,0.0,N/A,N/A,N,/,A
/project/samc/battus_compvis/UFLMH_data/UFLMH_data2023/UF_museum_data_2023/Battus polydamas/Kailee Stover/20230628/IMG_0045.JPG,18.2,16.72,20.51,20.42,30.35,2.22,N/A,N/A,N,/,A
/project/samc/battus_compvis/UFLMH_data/UFLMH_data2023/UF_museum_data_2023/Battus philenor/Kailee Stover/20230505/IMG_1851.JPG,49.73,51.94,57.82,56.71,104.74,6.33,N/A,N/A,N,/,A
/project/samc/battus_compvis/UFLMH_data/UFLMH_data2023/UF_museum_data_2023/Battus philenor/Marcela Diaz/20230502/IMG_2670.JPG,3.06,2.21,32.75,34.03,64.48,64.47,N/A,N/A,N,/,A
/project/samc/battus_compvis/UFLMH_data/UFLMH_data2023/UF_museum_data_2023/Battus philenor/Marcela Diaz/20230508/IMG_2998.JPG,27.29,57.86,28.02,31.52,20.29,27.35,N/A,N/A,N,/,A
/project/samc/battus_compvis/UFLMH_data/UFLMH_data2023/UF_museum_data_2023/Battus philenor/Marcela Diaz/20230606/IMG_4424.JPG,40.5,40.9,47.22,47.97,69.26,0.17,N/A,N/A,N,/,A
/project/samc/battus_compvis/UFLMH_data/UFLMH_data2023/UF_museum_data_2023/Battus polydamas/Kailee Stover/20230724/IMG_0159.JPG,0.0,0.0,0.0,0.0,0.0,0.0,N/A,N/A,N,/,A
/project/samc/battus_compvis/UFLMH_data/UFLMH_data2023/UF_museum_data_2023/Battus polydamas/Kailee Stover/20230626/IMG_0093.JPG,39.27,37.84,44.19,42.81,64.63,0.55,N/A,N/A,N,/,A
/project/samc/battus_compvis/UFLMH_data/UFLMH_data2023/UF_museum_data_2023/Battus philenor/Kailee Stover/20230424/IMG_1508.JPG,0.0,0.0,0.0,0.0,0.0,0.0,N/A,N/A,N,/,A
/project/samc/battus_compvis/UFLMH_data/UFLMH_data2023/UF_museum_data_2023/Battus philenor/Kailee Stover/20230417/IMG_1441.JPG,0.0,0.0,0.0,0.0,0.0,0.0,N/A,N/A,N,/,A
/project/samc/battus_compvis/UFLMH_data/UFLMH_data2023/UF_museum_data_2023/Battus philenor/Kailee Stover/20230501/IMG_1700.JPG,0.0,0.0,0.0,0.0,0.0,0.0,N/A,N/A,N,/,A
/project/samc/battus_compvis/UFLMH_data/UFLMH_data2023/UF_museum_data_2023/Battus polydamas/Kailee Stover/20230712/IMG_0130.JPG,0.0,0.0,0.0,0.0,0.0,0.0,N/A,N/A,N,/,A
/project/samc/battus_compvis/UFLMH_data/UFLMH_data2023/UF_museum_data_2023/Battus polydamas/Marcela Diaz/20230705/IMG_5435.JPG,5.72,5.7,6.29,6.5,10.18,0.59,N/A,N/A,N,/,A
/project/samc/battus_compvis/UFLMH_data/UFLMH_data2023/UF_museum_data_2023/Battus philenor/Marcela Diaz/20230606/IMG_4436.JPG,40.65,44.27,44.62,48.86,66.7,0.48,N/A,N/A,N,/,A
/project/samc/battus_compvis/UFLMH_data/UFLMH_data2023/UF_museum_data_2023/Battus polydamas/Kailee Stover/20230627/IMG_0052.JPG,44.66,49.97,49.0,54.18,77.73,0.14,N/A,N/A,N,/,A
/project/samc/battus_compvis/UFLMH_data/UFLMH_data2023/UF_museum_data_2023/Battus philenor/Marcela Diaz/20230427/IMG_2456.JPG,2.93,0.23,47.39,48.78,95.92,95.7,N/A,N/A,N,/,A
/project/samc/battus_compvis/UFLMH_data/UFLMH_data2023/UF_museum_data_2023/Battus philenor/Marcela Diaz/20230508/IMG_2895.JPG,22.8,18.24,26.78,36.5,62.67,27.78,N/A,N/A,N,/,A
/project/samc/battus_compvis/UFLMH_data/UFLMH_data2023/UF_museum_data_2023/Battus polydamas/Kailee Stover/20230710/IMG_0047.JPG,0.0,0.0,0.0,0.0,0.0,0.0,N/A,N/A,N,/,A
/project/samc/battus_compvis/UFLMH_data/UFLMH_data2023/UF_museum_data_2023/Battus philenor/Kailee Stover/20230417/IMG_1385.JPG,52.55,49.24,57.49,54.81,92.56,0.05,N/A,N/A,N,/,A
/project/samc/battus_compvis/UFLMH_data/UFLMH_data2023/UF_museum_data_2023/Battus philenor/Marcela Diaz/20230509/IMG_3048.JPG,0.0,0.0,0.0,0.0,0.0,0.0,N/A,N/A,N,/,A
/project/samc/battus_compvis/UFLMH_data/UFLMH_data2023/UF_museum_data_2023/Battus philenor/Marcela Diaz/20230425/IMG_2273.JPG,54.06,1.43,56.24,56.28,112.36,58.87,N/A,N/A,N,/,A
/project/samc/battus_compvis/UFLMH_data/UFLMH_data2023/UF_museum_data_2023/Battus polydamas/Kailee Stover/20230719/IMG_0104.JPG,0.0,0.0,0.0,0.0,0.0,0.0,N/A,N/A,N,/,A
/project/samc/battus_compvis/UFLMH_data/UFLMH_data2023/UF_museum_data_2023/Battus polydamas/Marcela Diaz/20230711/IMG_5700.JPG,0.0,0.0,0.0,0.0,0.0,0.0,N/A,N/A,N,/,A
/project/samc/battus_compvis/UFLMH_data/UFLMH_data2023/UF_museum_data_2023/Battus philenor/Kailee Stover/20230417/IMG_1468.JPG,38.65,38.19,44.47,44.05,71.03,0.99,N/A,N/A,N,/,A
/project/samc/battus_compvis/UFLMH_data/UFLMH_data2023/UF_museum_data_2023/Battus polydamas/Marcela Diaz/20230629/IMG_0082.JPG,0.0,0.0,0.0,0.0,0.0,0.0,N/A,N/A,N,/,A
/project/samc/battus_compvis/UFLMH_data/UFLMH_data2023/UF_museum_data_2023/Battus philenor/Marcela Diaz/20230424/IMG_2224.JPG,2.34,1.12,52.59,54.11,103.6,103.21,N/A,N/A,N,/,A
/project/samc/battus_compvis/UFLMH_data/UFLMH_data2023/UF_museum_data_2023/Battus polydamas/Marcela Diaz/20230623/IMG_5240.JPG,37.3,37.61,44.73,44.46,60.17,0.99,N/A,N/A,N,/,A
/project/samc/battus_compvis/UFLMH_data/UFLMH_data2023/UF_museum_data_2023/Battus philenor/Marcela Diaz/20230524/IMG_3841.JPG,0.03,0.29,45.1,45.63,90.39,90.35,N/A,N/A,N,/,A
/project/samc/battus_compvis/UFLMH_data/UFLMH_data2023/UF_museum_data_2023/Battus philenor/Marcela Diaz/20230427/IMG_2429.JPG,0.85,0.65,52.52,53.63,105.75,105.7,N/A,N/A,N,/,A
/project/samc/battus_compvis/UFLMH_data/UFLMH_data2023/UF_museum_data_2023/Battus polydamas/Marcela Diaz/20230629/IMG_0066.JPG,0.0,0.0,0.0,0.0,0.0,0.0,N/A,N/A,N,/,A
/project/samc/battus_compvis/UFLMH_data/UFLMH_data2023/UF_museum_data_2023/Battus philenor/Kailee Stover/20230508/IMG_2076.JPG,0.26,0.71,36.85,37.15,73.69,73.65,N/A,N/A,N,/,A
/project/samc/battus_compvis/UFLMH_data/UFLMH_data2023/UF_museum_data_2023/Battus philenor/Marcela Diaz/20230427/IMG_2434.JPG,3.38,5.47,46.77,47.59,87.62,87.53,N/A,N/A,N,/,A
/project/samc/battus_compvis/UFLMH_data/UFLMH_data2023/UF_museum_data_2023/Battus philenor/Marcela Diaz/20230413/IMG_1736.JPG,18.75,51.32,36.64,25.66,60.41,0.05,N/A,N/A,N,/,A
/project/samc/battus_compvis/UFLMH_data/UFLMH_data2023/UF_museum_data_2023/Battus philenor/Marcela Diaz/20230426/IMG_2374.JPG,3.26,1.43,52.36,52.68,102.13,102.06,N/A,N/A,N,/,A
/project/samc/battus_compvis/UFLMH_data/UFLMH_data2023/UF_museum_data_2023/Battus philenor/Kailee Stover/20230410/IMG_1228.JPG,55.0,55.16,63.36,64.2,107.06,6.58,N/A,N/A,N,/,A
/project/samc/battus_compvis/UFLMH_data/UFLMH_data2023/UF_museum_data_2023/Battus philenor/Marcela Diaz/20230524/IMG_3842.JPG,0.42,0.2,45.05,44.17,89.17,89.12,N/A,N/A,N,/,A
/project/samc/battus_compvis/UFLMH_data/UFLMH_data2023/UF_museum_data_2023/Battus philenor/Kailee Stover/20230424/IMG_1537.JPG,0.0,0.0,0.0,0.0,0.0,0.0,N/A,N/A,N,/,A
/project/samc/battus_compvis/UFLMH_data/UFLMH_data2023/UF_museum_data_2023/Battus philenor/Marcela Diaz/20230427/IMG_2461.JPG,2.93,4.01,43.88,44.05,82.38,82.32,N/A,N/A,N,/,A
/project/samc/battus_compvis/UFLMH_data/UFLMH_data2023/UF_museum_data_2023/Battus philenor/Marcela Diaz/20230526/IMG_3989.JPG,6.92,6.78,7.91,7.85,12.46,0.71,N/A,N/A,N,/,A
/project/samc/battus_compvis/UFLMH_data/UFLMH_data2023/UF_museum_data_2023/Battus polydamas/Marcela Diaz/20230711/IMG_5694.JPG,0.0,0.0,0.0,0.0,0.0,0.0,N/A,N/A,N,/,A
/project/samc/battus_compvis/UFLMH_data/UFLMH_data2023/UF_museum_data_2023/Battus polydamas/Kailee Stover/20230623/IMG_0017.JPG,38.81,38.99,46.69,46.91,62.69,0.03,N/A,N/A,N,/,A
/project/samc/battus_compvis/UFLMH_data/UFLMH_data2023/UF_museum_data_2023/Battus philenor/Kailee Stover/20230510/IMG_2253.JPG,37.29,0.2,40.48,40.57,79.96,42.65,N/A,N/A,N,/,A
/project/samc/battus_compvis/UFLMH_data/UFLMH_data2023/UF_museum_data_2023/Battus philenor/Marcela Diaz/20230509/IMG_3012.JPG,38.28,38.95,42.45,42.68,66.79,0.51,N/A,N/A,N,/,A
/project/samc/battus_compvis/UFLMH_data/UFLMH_data2023/UF_museum_data_2023/Battus philenor/Marcela Diaz/20230427/IMG_2420.JPG,1.11,1.47,48.6,48.82,96.95,96.9,N/A,N/A,N,/,A
/project/samc/battus_compvis/UFLMH_data/UFLMH_data2023/UF_museum_data_2023/Battus polydamas/Marcela Diaz/20230714/IMG_5791.JPG,0.0,0.0,0.0,0.0,0.0,0.0,N/A,N/A,N,/,A
/project/samc/battus_compvis/UFLMH_data/UFLMH_data2023/UF_museum_data_2023/Battus philenor/Marcela Diaz/20230425/IMG_2276.JPG,1.99,0.78,54.06,52.87,104.31,104.2,N/A,N/A,N,/,A
/project/samc/battus_compvis/UFLMH_data/UFLMH_data2023/UF_museum_data_2023/Battus philenor/Marcela Diaz/20230427/IMG_2465.JPG,2.41,1.43,53.64,53.19,102.78,102.72,N/A,N/A,N,/,A
/project/samc/battus_compvis/UFLMH_data/UFLMH_data2023/UF_museum_data_2023/Battus polydamas/Kailee Stover/20230719/IMG_0134.JPG,0.0,0.0,0.0,0.0,0.0,0.0,N/A,N/A,N,/,A
/project/samc/battus_compvis/UFLMH_data/UFLMH_data2023/UF_museum_data_2023/Battus philenor/Marcela Diaz/20230424/IMG_2241.JPG,2.12,2.28,52.64,52.62,101.93,101.9,N/A,N/A,N,/,A
/project/samc/battus_compvis/UFLMH_data/UFLMH_data2023/UF_museum_data_2023/Battus philenor/Kailee Stover/20230526/IMG_0206.JPG,1.13,0.55,54.33,53.65,107.52,107.47,N/A,N/A,N,/,A
/project/samc/battus_compvis/UFLMH_data/UFLMH_data2023/UF_museum_data_2023/Battus polydamas/Kailee Stover/20230628/IMG_0046.JPG,16.53,16.78,19.73,20.0,27.77,0.11,N/A,N/A,N,/,A
/project/samc/battus_compvis/UFLMH_data/UFLMH_data2023/UF_museum_data_2023/Battus philenor/Marcela Diaz/20230417/IMG_1885.JPG,0.49,27.82,35.0,35.75,68.58,41.22,N/A,N/A,N,/,A
/project/samc/battus_compvis/UFLMH_data/UFLMH_data2023/UF_museum_data_2023/Battus polydamas/Kailee Stover/20230719/IMG_0108.JPG,0.0,0.0,0.0,0.0,0.0,0.0,N/A,N/A,N,/,A
/project/samc/battus_compvis/UFLMH_data/UFLMH_data2023/UF_museum_data_2023/Battus philenor/Marcela Diaz/20230608/IMG_4539.JPG,0.0,0.0,0.0,0.0,0.0,0.0,N/A,N/A,N,/,A
/project/samc/battus_compvis/UFLMH_data/UFLMH_data2023/UF_museum_data_2023/Battus polydamas/Kailee Stover/20230717/IMG_0262.JPG,0.0,0.0,0.0,0.0,0.0,0.0,N/A,N/A,N,/,A
/project/samc/battus_compvis/UFLMH_data/UFLMH_data2023/UF_museum_data_2023/Battus polydamas/Marcela Diaz/20230711/IMG_5687.JPG,0.0,0.0,0.0,0.0,0.0,0.0,N/A,N/A,N,/,A
/project/samc/battus_compvis/UFLMH_data/UFLMH_data2023/UF_museum_data_2023/Battus philenor/Kailee Stover/20230424/IMG_1575.JPG,23.08,0.23,40.35,31.38,60.92,38.85,N/A,N/A,N,/,A
/project/samc/battus_compvis/UFLMH_data/UFLMH_data2023/UF_museum_data_2023/Battus polydamas/Marcela Diaz/20230711/IMG_5690.JPG,0.0,0.0,0.0,0.0,0.0,0.0,N/A,N/A,N,/,A
/project/samc/battus_compvis/UFLMH_data/UFLMH_data2023/UF_museum_data_2023/Battus philenor/Marcela Diaz/20230505/IMG_2881.JPG,48.68,51.99,57.86,57.06,101.65,6.34,N/A,N/A,N,/,A
/project/samc/battus_compvis/UFLMH_data/UFLMH_data2023/UF_museum_data_2023/Battus polydamas/Marcela Diaz/20230619/IMG_5064.JPG,46.02,48.65,51.89,55.26,79.68,0.97,N/A,N/A,N,/,A
/project/samc/battus_compvis/UFLMH_data/UFLMH_data2023/UF_museum_data_2023/Battus philenor/Marcela Diaz/20230525/IMG_3893.JPG,37.84,37.28,44.36,44.22,61.69,0.67,N/A,N/A,N,/,A
/project/samc/battus_compvis/UFLMH_data/UFLMH_data2023/UF_museum_data_2023/Battus polydamas/Kailee Stover/20230719/IMG_0079.JPG,36.41,36.63,45.05,45.02,61.04,0.09,N/A,N/A,N,/,A
/project/samc/battus_compvis/UFLMH_data/UFLMH_data2023/UF_museum_data_2023/Battus philenor/Marcela Diaz/20230427/IMG_2443.JPG,18.1,7.65,28.96,27.03,53.8,30.69,N/A,N/A,N,/,A
/project/samc/battus_compvis/UFLMH_data/UFLMH_data2023/UF_museum_data_2023/Battus philenor/Marcela Diaz/20230426/IMG_2414.JPG,2.77,2.54,51.71,51.4,99.26,99.22,N/A,N/A,N,/,A
/project/samc/battus_compvis/UFLMH_data/UFLMH_data2023/UF_museum_data_2023/Battus philenor/Kailee Stover/20230526/IMG_0195.JPG,1.13,0.74,53.67,54.25,107.26,107.23,N/A,N/A,N,/,A
/project/samc/battus_compvis/UFLMH_data/UFLMH_data2023/UF_museum_data_2023/Battus philenor/Marcela Diaz/20230508/IMG_2981.JPG,36.88,37.33,44.5,44.33,59.25,0.51,N/A,N/A,N,/,A
/project/samc/battus_compvis/UFLMH_data/UFLMH_data2023/UF_museum_data_2023/Battus philenor/Kailee Stover/20230508/IMG_2080.JPG,48.0,47.92,51.27,51.37,100.8,5.11,N/A,N/A,N,/,A
/project/samc/battus_compvis/UFLMH_data/UFLMH_data2023/UF_museum_data_2023/Battus philenor/Kailee Stover/20230424/IMG_1571.JPG,11.33,42.56,27.7,22.1,49.15,1.95,N/A,N/A,N,/,A
/project/samc/battus_compvis/UFLMH_data/UFLMH_data2023/UF_museum_data_2023/Battus philenor/Marcela Diaz/20230412/IMG_1693.JPG,13.92,23.51,32.86,25.53,58.09,26.36,N/A,N/A,N,/,A
/project/samc/battus_compvis/UFLMH_data/UFLMH_data2023/UF_museum_data_2023/Battus polydamas/Kailee Stover/20230724/IMG_0194.JPG,0.03,47.7,51.92,51.33,101.23,53.57,N/A,N/A,N,/,A
/project/samc/battus_compvis/UFLMH_data/UFLMH_data2023/UF_museum_data_2023/Battus polydamas/Kailee Stover/20230719/IMG_0084.JPG,10.1,10.59,12.32,12.28,18.36,1.29,N/A,N/A,N,/,A
/project/samc/battus_compvis/UFLMH_data/UFLMH_data2023/UF_museum_data_2023/Battus philenor/Marcela Diaz/20230424/IMG_2227.JPG,4.3,3.48,49.05,48.66,92.5,92.45,N/A,N/A,N,/,A
/project/samc/battus_compvis/UFLMH_data/UFLMH_data2023/UF_museum_data_2023/Battus philenor/Marcela Diaz/20230508/IMG_2966.JPG,19.67,28.15,34.24,38.5,72.27,32.53,N/A,N/A,N,/,A
/project/samc/battus_compvis/UFLMH_data/UFLMH_data2023/UF_museum_data_2023/Battus polydamas/Marcela Diaz/20230623/IMG_5291.JPG,47.98,50.87,51.96,55.82,89.34,0.32,N/A,N/A,N,/,A
/project/samc/battus_compvis/UFLMH_data/UFLMH_data2023/UF_museum_data_2023/Battus philenor/Marcela Diaz/20230508/IMG_3001.JPG,41.68,42.14,47.62,47.55,69.37,0.63,N/A,N/A,N,/,A
/project/samc/battus_compvis/UFLMH_data/UFLMH_data2023/UF_museum_data_2023/Battus polydamas/Marcela Diaz/20230629/IMG_0060.JPG,4.36,7.79,45.46,44.71,68.38,68.46,N/A,N/A,N,/,A
/project/samc/battus_compvis/UFLMH_data/UFLMH_data2023/UF_museum_data_2023/Battus polydamas/Kailee Stover/20230623/IMG_0133.JPG,55.23,54.52,60.02,59.69,112.87,6.55,N/A,N/A,N,/,A
/project/samc/battus_compvis/UFLMH_data/UFLMH_data2023/UF_museum_data_2023/Battus philenor/Marcela Diaz/20230412/IMG_1701.JPG,14.25,0.13,19.67,18.47,36.19,23.31,N/A,N/A,N,/,A
/project/samc/battus_compvis/UFLMH_data/UFLMH_data2023/UF_museum_data_2023/Battus philenor/Marcela Diaz/20230418/IMG_1902.JPG,58.33,58.36,66.92,67.21,106.8,5.81,N/A,N/A,N,/,A
/project/samc/battus_compvis/UFLMH_data/UFLMH_data2023/UF_museum_data_2023/Battus philenor/Marcela Diaz/20230606/IMG_4441.JPG,42.01,40.62,45.65,44.16,69.42,0.07,N/A,N/A,N,/,A
/project/samc/battus_compvis/UFLMH_data/UFLMH_data2023/UF_museum_data_2023/Battus philenor/Marcela Diaz/20230425/IMG_2272.JPG,0.88,51.13,55.18,54.6,109.69,58.95,N/A,N/A,N,/,A
/project/samc/battus_compvis/UFLMH_data/UFLMH_data2023/UF_museum_data_2023/Battus philenor/Marcela Diaz/20230407/IMG_1421.JPG,52.05,52.29,62.01,61.52,100.45,6.87,N/A,N/A,N,/,A
/project/samc/battus_compvis/UFLMH_data/UFLMH_data2023/UF_museum_data_2023/Battus polydamas/Marcela Diaz/20230711/IMG_5688.JPG,0.0,0.0,0.0,0.0,0.0,0.0,N/A,N/A,N,/,A
/project/samc/battus_compvis/UFLMH_data/UFLMH_data2023/UF_museum_data_2023/Battus polydamas/Kailee Stover/20230705/IMG_0130.JPG,45.17,47.0,52.78,54.06,80.19,0.29,N/A,N/A,N,/,A
/project/samc/battus_compvis/UFLMH_data/UFLMH_data2023/UF_museum_data_2023/Battus polydamas/Kailee Stover/20230712/IMG_0036.JPG,0.0,0.0,0.0,0.0,0.0,0.0,N/A,N/A,N,/,A
/project/samc/battus_compvis/UFLMH_data/UFLMH_data2023/UF_museum_data_2023/Battus philenor/Marcela Diaz/20230605/IMG_4380.JPG,0.0,0.0,0.0,0.0,0.0,0.0,N/A,N/A,N,/,A
/project/samc/battus_compvis/UFLMH_data/UFLMH_data2023/UF_museum_data_2023/Battus polydamas/Kailee Stover/20230623/IMG_0056.JPG,0.0,0.0,0.0,0.0,0.0,0.0,N/A,N/A,N,/,A
/project/samc/battus_compvis/UFLMH_data/UFLMH_data2023/UF_museum_data_2023/Battus polydamas/Kailee Stover/20230719/IMG_0088.JPG,0.0,0.0,0.0,0.0,0.0,0.0,N/A,N/A,N,/,A
/project/samc/battus_compvis/UFLMH_data/UFLMH_data2023/UF_museum_data_2023/Battus philenor/Marcela Diaz/20230424/IMG_2249.JPG,16.67,10.97,42.23,42.24,62.02,61.95,N/A,N/A,N,/,A
/project/samc/battus_compvis/UFLMH_data/UFLMH_data2023/UF_museum_data_2023/Battus philenor/Kailee Stover/20230424/IMG_1599.JPG,20.79,21.46,23.91,24.52,35.34,0.65,N/A,N/A,N,/,A
/project/samc/battus_compvis/UFLMH_data/UFLMH_data2023/UF_museum_data_2023/Battus philenor/Marcela Diaz/20230413/IMG_1737.JPG,0.03,17.61,24.68,35.08,17.66,0.05,N/A,N/A,N,/,A
/project/samc/battus_compvis/UFLMH_data/UFLMH_data2023/UF_museum_data_2023/Battus philenor/Kailee Stover/20230410/IMG_1229.JPG,55.0,55.24,63.49,62.8,105.84,5.76,N/A,N/A,N,/,A
/project/samc/battus_compvis/UFLMH_data/UFLMH_data2023/UF_museum_data_2023/Battus philenor/Kailee Stover/20230424/IMG_1574.JPG,0.03,24.36,32.38,42.62,64.02,40.98,N/A,N/A,N,/,A
/project/samc/battus_compvis/UFLMH_data/UFLMH_data2023/UF_museum_data_2023/Battus philenor/Marcela Diaz/20230501/IMG_2620.JPG,45.07,44.48,51.16,51.05,74.37,0.03,N/A,N/A,N,/,A
/project/samc/battus_compvis/UFLMH_data/UFLMH_data2023/UF_museum_data_2023/Battus philenor/Marcela Diaz/20230427/IMG_2463.JPG,51.11,0.13,58.48,57.03,109.79,58.65,N/A,N/A,N,/,A
/project/samc/battus_compvis/UFLMH_data/UFLMH_data2023/UF_museum_data_2023/Battus philenor/Kailee Stover/20230410/IMG_1226.JPG,41.4,41.7,46.44,46.15,68.45,0.73,N/A,N/A,N,/,A
/project/samc/battus_compvis/UFLMH_data/UFLMH_data2023/UF_museum_data_2023/Battus polydamas/Kailee Stover/20230717/IMG_0267.JPG,0.0,0.0,0.0,0.0,0.0,0.0,N/A,N/A,N,/,A
/project/samc/battus_compvis/UFLMH_data/UFLMH_data2023/UF_museum_data_2023/Battus philenor/Marcela Diaz/20230424/IMG_2234.JPG,0.94,3.09,54.79,56.47,107.41,107.27,N/A,N/A,N,/,A
/project/samc/battus_compvis/UFLMH_data/UFLMH_data2023/UF_museum_data_2023/Battus philenor/Marcela Diaz/20230509/IMG_3082.JPG,52.05,51.72,59.1,59.37,101.27,6.06,N/A,N/A,N,/,A
/project/samc/battus_compvis/UFLMH_data/UFLMH_data2023/UF_museum_data_2023/Battus polydamas/Kailee Stover/20230705/IMG_0123.JPG,33.5,20.15,43.6,37.15,80.06,35.02,N/A,N/A,N,/,A
/project/samc/battus_compvis/UFLMH_data/UFLMH_data2023/UF_museum_data_2023/Battus polydamas/Marcela Diaz/20230619/IMG_5038.JPG,47.77,48.52,53.41,53.85,102.11,6.34,N/A,N/A,N,/,A
/project/samc/battus_compvis/UFLMH_data/UFLMH_data2023/UF_museum_data_2023/Battus philenor/Marcela Diaz/20230427/IMG_2470.JPG,0.68,0.74,55.23,55.19,108.93,108.9,N/A,N/A,N,/,A
/project/samc/battus_compvis/UFLMH_data/UFLMH_data2023/UF_museum_data_2023/Battus philenor/Marcela Diaz/20230418/IMG_1967.JPG,50.93,15.84,25.46,35.18,59.35,0.05,N/A,N/A,N,/,A
/project/samc/battus_compvis/UFLMH_data/UFLMH_data2023/UF_museum_data_2023/Battus philenor/Marcela Diaz/20230607/IMG_4525.JPG,0.03,45.82,49.1,49.34,96.41,50.59,N/A,N/A,N,/,A
/project/samc/battus_compvis/UFLMH_data/UFLMH_data2023/UF_museum_data_2023/Battus polydamas/Marcela Diaz/20230619/IMG_5060.JPG,47.27,48.01,55.13,55.92,74.71,0.03,N/A,N/A,N,/,A
/project/samc/battus_compvis/UFLMH_data/UFLMH_data2023/UF_museum_data_2023/Battus philenor/Marcela Diaz/20230526/IMG_4008.JPG,0.0,0.0,0.0,0.0,0.0,0.0,N/A,N/A,N,/,A
/project/samc/battus_compvis/UFLMH_data/UFLMH_data2023/UF_museum_data_2023/Battus philenor/Kailee Stover/20230505/IMG_1807.JPG,20.74,0.17,38.72,27.38,54.5,34.36,N/A,N/A,N,/,A
/project/samc/battus_compvis/UFLMH_data/UFLMH_data2023/UF_museum_data_2023/Battus philenor/Kailee Stover/20230526/IMG_0199.JPG,0.84,0.45,54.47,54.53,108.74,108.7,N/A,N/A,N,/,A
/project/samc/battus_compvis/UFLMH_data/UFLMH_data2023/UF_museum_data_2023/Battus polydamas/Kailee Stover/20230623/IMG_0069.JPG,41.61,41.93,53.89,53.54,90.78,12.39,N/A,N/A,N,/,A
/project/samc/battus_compvis/UFLMH_data/UFLMH_data2023/UF_museum_data_2023/Battus polydamas/Marcela Diaz/20230713/IMG_5709.JPG,0.03,0.17,46.26,45.24,90.19,90.16,N/A,N/A,N,/,A
/project/samc/battus_compvis/UFLMH_data/UFLMH_data2023/UF_museum_data_2023/Battus philenor/Marcela Diaz/20230509/IMG_3013.JPG,33.66,33.82,37.37,36.87,57.81,0.33,N/A,N/A,N,/,A
/project/samc/battus_compvis/UFLMH_data/UFLMH_data2023/UF_museum_data_2023/Battus philenor/Kailee Stover/20230609/IMG_0033.JPG,5.78,25.44,27.21,36.85,51.86,22.56,N/A,N/A,N,/,A
/project/samc/battus_compvis/UFLMH_data/UFLMH_data2023/UF_museum_data_2023/Battus philenor/Marcela Diaz/20230530/IMG_4052.JPG,49.37,46.55,56.66,54.38,83.24,0.76,N/A,N/A,N,/,A
/project/samc/battus_compvis/UFLMH_data/UFLMH_data2023/UF_museum_data_2023/Battus philenor/Marcela Diaz/20230427/IMG_2426.JPG,0.97,0.48,50.3,49.18,99.29,99.25,N/A,N/A,N,/,A
/project/samc/battus_compvis/UFLMH_data/UFLMH_data2023/UF_museum_data_2023/Battus philenor/Kailee Stover/20230510/IMG_2218.JPG,32.93,33.71,38.06,38.92,59.02,0.5,N/A,N/A,N,/,A
/project/samc/battus_compvis/UFLMH_data/UFLMH_data2023/UF_museum_data_2023/Battus philenor/Marcela Diaz/20230601/IMG_4217.JPG,46.98,46.96,52.23,52.07,84.12,0.65,N/A,N/A,N,/,A
/project/samc/battus_compvis/UFLMH_data/UFLMH_data2023/UF_museum_data_2023/Battus philenor/Marcela Diaz/20230608/IMG_4546.JPG,0.0,0.0,0.0,0.0,0.0,0.0,N/A,N/A,N,/,A
/project/samc/battus_compvis/UFLMH_data/UFLMH_data2023/UF_museum_data_2023/Battus polydamas/Kailee Stover/20230719/IMG_0138.JPG,0.0,0.0,0.0,0.0,0.0,0.0,N/A,N/A,N,/,A
/project/samc/battus_compvis/UFLMH_data/UFLMH_data2023/UF_museum_data_2023/Battus polydamas/Marcela Diaz/20230706/IMG_5504.JPG,15.81,28.67,33.19,27.16,60.21,24.03,N/A,N/A,N,/,A
/project/samc/battus_compvis/UFLMH_data/UFLMH_data2023/UF_museum_data_2023/Battus philenor/Marcela Diaz/20230425/IMG_2281.JPG,3.71,2.83,51.41,50.71,98.68,98.64,N/A,N/A,N,/,A
/project/samc/battus_compvis/UFLMH_data/UFLMH_data2023/UF_museum_data_2023/Battus polydamas/Kailee Stover/20230616/IMG_0311.JPG,35.79,37.85,46.58,46.26,80.44,10.91,N/A,N/A,N,/,A
/project/samc/battus_compvis/UFLMH_data/UFLMH_data2023/UF_museum_data_2023/Battus philenor/Kailee Stover/20230526/IMG_0208.JPG,0.93,1.58,49.87,49.75,98.59,98.54,N/A,N/A,N,/,A
/project/samc/battus_compvis/UFLMH_data/UFLMH_data2023/UF_museum_data_2023/Battus philenor/Marcela Diaz/20230602/IMG_4232.JPG,9.5,9.42,11.45,11.46,15.96,0.77,N/A,N/A,N,/,A
/project/samc/battus_compvis/UFLMH_data/UFLMH_data2023/UF_museum_data_2023/Battus polydamas/Marcela Diaz/20230629/IMG_0064.JPG,0.0,0.0,0.0,0.0,0.0,0.0,N/A,N/A,N,/,A
/project/samc/battus_compvis/UFLMH_data/UFLMH_data2023/UF_museum_data_2023/Battus philenor/Kailee Stover/20230526/IMG_0198.JPG,0.55,0.2,53.98,54.36,108.07,108.04,N/A,N/A,N,/,A
/project/samc/battus_compvis/UFLMH_data/UFLMH_data2023/UF_museum_data_2023/Battus philenor/Marcela Diaz/20230511/IMG_3253.JPG,6.49,6.59,7.69,7.75,11.9,0.66,N/A,N/A,N,/,A
/project/samc/battus_compvis/UFLMH_data/UFLMH_data2023/UF_museum_data_2023/Battus polydamas/Marcela Diaz/20230711/IMG_5691.JPG,0.0,0.0,0.0,0.0,0.0,0.0,N/A,N/A,N,/,A
/project/samc/battus_compvis/UFLMH_data/UFLMH_data2023/UF_museum_data_2023/Battus polydamas/Marcela Diaz/20230713/IMG_5717.JPG,49.47,0.12,53.54,53.65,105.28,55.78,N/A,N/A,N,/,A
/project/samc/battus_compvis/UFLMH_data/UFLMH_data2023/UF_museum_data_2023/Battus philenor/Marcela Diaz/20230412/IMG_1700.JPG,1.62,0.1,20.51,20.38,38.1,36.5,N/A,N/A,N,/,A
/project/samc/battus_compvis/UFLMH_data/UFLMH_data2023/UF_museum_data_2023/Battus philenor/Kailee Stover/20230510/IMG_2286.JPG,42.57,46.39,50.75,54.83,71.91,0.58,N/A,N/A,N,/,A
/project/samc/battus_compvis/UFLMH_data/UFLMH_data2023/UF_museum_data_2023/Battus polydamas/Kailee Stover/20230719/IMG_0096.JPG,0.0,0.0,0.0,0.0,0.0,0.0,N/A,N/A,N,/,A
/project/samc/battus_compvis/UFLMH_data/UFLMH_data2023/UF_museum_data_2023/Battus philenor/Marcela Diaz/20230427/IMG_2453.JPG,1.95,1.14,52.09,51.74,101.92,101.89,N/A,N/A,N,/,A
/project/samc/battus_compvis/UFLMH_data/UFLMH_data2023/UF_museum_data_2023/Battus philenor/Marcela Diaz/20230417/IMG_1849.JPG,44.11,44.1,50.64,51.02,81.02,0.48,N/A,N/A,N,/,A
/project/samc/battus_compvis/UFLMH_data/UFLMH_data2023/UF_museum_data_2023/Battus polydamas/Kailee Stover/20230710/IMG_0126.JPG,5.2,18.86,22.42,30.25,41.7,18.97,N/A,N/A,N,/,A
/project/samc/battus_compvis/UFLMH_data/UFLMH_data2023/UF_museum_data_2023/Battus philenor/Marcela Diaz/20230605/IMG_4344.JPG,0.0,0.0,0.0,0.0,0.0,0.0,N/A,N/A,N,/,A
/project/samc/battus_compvis/UFLMH_data/UFLMH_data2023/UF_museum_data_2023/Battus philenor/Marcela Diaz/20230427/IMG_2451.JPG,1.4,3.0,47.89,47.87,92.24,92.18,N/A,N/A,N,/,A
/project/samc/battus_compvis/UFLMH_data/UFLMH_data2023/UF_museum_data_2023/Battus polydamas/Marcela Diaz/20230713/IMG_5719.JPG,0.03,0.12,52.17,51.28,102.96,102.94,N/A,N/A,N,/,A
/project/samc/battus_compvis/UFLMH_data/UFLMH_data2023/UF_museum_data_2023/Battus polydamas/Marcela Diaz/20230623/IMG_5254.JPG,0.0,0.0,0.0,0.0,0.0,0.0,N/A,N/A,N,/,A
/project/samc/battus_compvis/UFLMH_data/UFLMH_data2023/UF_museum_data_2023/Battus polydamas/Kailee Stover/20230623/IMG_0064.JPG,49.61,50.34,56.84,57.22,101.25,6.21,N/A,N/A,N,/,A
/project/samc/battus_compvis/UFLMH_data/UFLMH_data2023/UF_museum_data_2023/Battus philenor/Marcela Diaz/20230427/IMG_2435.JPG,4.98,3.78,48.45,48.23,89.25,89.19,N/A,N/A,N,/,A
/project/samc/battus_compvis/UFLMH_data/UFLMH_data2023/UF_museum_data_2023/Battus philenor/Kailee Stover/20230505/IMG_1808.JPG,0.03,21.73,27.22,39.15,54.3,33.19,N/A,N/A,N,/,A
/project/samc/battus_compvis/UFLMH_data/UFLMH_data2023/UF_museum_data_2023/Battus philenor/Marcela Diaz/20230526/IMG_4001.JPG,7.78,7.81,39.68,40.95,71.04,71.0,N/A,N/A,N,/,A
/project/samc/battus_compvis/UFLMH_data/UFLMH_data2023/UF_museum_data_2023/Battus polydamas/Marcela Diaz/20230623/IMG_5284.JPG,42.07,40.78,45.59,44.89,78.25,0.05,N/A,N/A,N,/,A
/project/samc/battus_compvis/UFLMH_data/UFLMH_data2023/UF_museum_data_2023/Battus polydamas/Kailee Stover/20230628/IMG_0032.JPG,39.99,42.46,43.85,46.24,73.33,0.23,N/A,N/A,N,/,A
/project/samc/battus_compvis/UFLMH_data/UFLMH_data2023/UF_museum_data_2023/Battus polydamas/Kailee Stover/20230616/IMG_0308.JPG,42.03,42.55,47.24,47.84,73.3,0.22,N/A,N/A,N,/,A
/project/samc/battus_compvis/UFLMH_data/UFLMH_data2023/UF_museum_data_2023/Battus philenor/Marcela Diaz/20230417/IMG_1862.JPG,38.79,38.44,44.91,45.02,64.01,0.81,N/A,N/A,N,/,A
/project/samc/battus_compvis/UFLMH_data/UFLMH_data2023/UF_museum_data_2023/Battus philenor/Marcela Diaz/20230426/IMG_2370.JPG,2.51,1.86,51.35,50.19,97.08,97.02,N/A,N/A,N,/,A
/project/samc/battus_compvis/UFLMH_data/UFLMH_data2023/UF_museum_data_2023/Battus polydamas/Kailee Stover/20230710/IMG_0032.JPG,0.0,0.0,0.0,0.0,0.0,0.0,N/A,N/A,N,/,A
/project/samc/battus_compvis/UFLMH_data/UFLMH_data2023/UF_museum_data_2023/Battus polydamas/Kailee Stover/20230712/IMG_0018.JPG,48.02,48.8,54.22,56.06,86.77,0.06,N/A,N/A,N,/,A
/project/samc/battus_compvis/UFLMH_data/UFLMH_data2023/UF_museum_data_2023/Battus philenor/Marcela Diaz/20230511/IMG_3409.JPG,0.98,30.35,31.38,27.33,28.5,41.49,N/A,N/A,N,/,A
/project/samc/battus_compvis/UFLMH_data/UFLMH_data2023/UF_museum_data_2023/Battus polydamas/Marcela Diaz/20230711/IMG_5699.JPG,0.0,0.0,0.0,0.0,0.0,0.0,N/A,N/A,N,/,A
/project/samc/battus_compvis/UFLMH_data/UFLMH_data2023/UF_museum_data_2023/Battus philenor/Marcela Diaz/20230410/IMG_1522.JPG,0.0,0.0,0.0,0.0,0.0,0.0,N/A,N/A,N,/,A
/project/samc/battus_compvis/UFLMH_data/UFLMH_data2023/UF_museum_data_2023/Battus philenor/Marcela Diaz/20230427/IMG_2459.JPG,0.33,2.96,53.85,52.9,105.39,105.28,N/A,N/A,N,/,A
/project/samc/battus_compvis/UFLMH_data/UFLMH_data2023/UF_museum_data_2023/Battus philenor/Kailee Stover/20230510/IMG_2211.JPG,49.92,50.24,58.2,58.44,82.23,0.87,N/A,N/A,N,/,A
/project/samc/battus_compvis/UFLMH_data/UFLMH_data2023/UF_museum_data_2023/Battus philenor/Marcela Diaz/20230606/IMG_4440.JPG,35.85,36.78,41.95,43.26,63.26,0.87,N/A,N/A,N,/,A
/project/samc/battus_compvis/UFLMH_data/UFLMH_data2023/UF_museum_data_2023/Battus philenor/Kailee Stover/20230526/IMG_0192.JPG,1.95,1.44,51.73,51.47,102.88,102.87,N/A,N/A,N,/,A
/project/samc/battus_compvis/UFLMH_data/UFLMH_data2023/UF_museum_data_2023/Battus philenor/Marcela Diaz/20230508/IMG_2897.JPG,32.53,19.89,28.03,38.8,66.75,23.35,N/A,N/A,N,/,A
/project/samc/battus_compvis/UFLMH_data/UFLMH_data2023/UF_museum_data_2023/Battus philenor/Marcela Diaz/20230425/IMG_2295.JPG,0.75,0.81,53.05,53.69,106.56,106.53,N/A,N/A,N,/,A
/project/samc/battus_compvis/UFLMH_data/UFLMH_data2023/UF_museum_data_2023/Battus philenor/Kailee Stover/20230417/IMG_1424.JPG,48.58,47.31,55.78,54.84,80.88,0.35,N/A,N/A,N,/,A
/project/samc/battus_compvis/UFLMH_data/UFLMH_data2023/UF_museum_data_2023/Battus polydamas/Kailee Stover/20230628/IMG_0028.JPG,36.62,37.52,48.89,48.92,75.68,10.96,N/A,N/A,N,/,A
/project/samc/battus_compvis/UFLMH_data/UFLMH_data2023/UF_museum_data_2023/Battus polydamas/Kailee Stover/20230719/IMG_0092.JPG,0.0,0.0,0.0,0.0,0.0,0.0,N/A,N/A,N,/,A
/project/samc/battus_compvis/UFLMH_data/UFLMH_data2023/UF_museum_data_2023/Battus polydamas/Kailee Stover/20230717/IMG_0185.JPG,54.35,21.9,27.35,39.75,64.77,0.51,N/A,N/A,N,/,A
/project/samc/battus_compvis/UFLMH_data/UFLMH_data2023/UF_museum_data_2023/Battus philenor/Marcela Diaz/20230418/IMG_1903.JPG,57.89,58.51,67.03,67.09,106.93,5.67,N/A,N/A,N,/,A
/project/samc/battus_compvis/UFLMH_data/UFLMH_data2023/UF_museum_data_2023/Battus polydamas/Kailee Stover/20230724/IMG_0139.JPG,0.0,0.0,0.0,0.0,0.0,0.0,N/A,N/A,N,/,A
/project/samc/battus_compvis/UFLMH_data/UFLMH_data2023/UF_museum_data_2023/Battus philenor/Kailee Stover/20230424/IMG_1519.JPG,17.81,18.12,21.27,21.07,31.26,1.6,N/A,N/A,N,/,A
/project/samc/battus_compvis/UFLMH_data/UFLMH_data2023/UF_museum_data_2023/Battus philenor/Kailee Stover/20230424/IMG_1527.JPG,16.54,17.66,21.23,21.13,30.7,2.35,N/A,N/A,N,/,A
/project/samc/battus_compvis/UFLMH_data/UFLMH_data2023/UF_museum_data_2023/Battus polydamas/Kailee Stover/20230719/IMG_0080.JPG,0.0,0.0,0.0,0.0,0.0,0.0,N/A,N/A,N,/,A
